lon_wgs84,lat_wgs84,case,pred_proba,pearson_residual,lisa_label
118.09561680436344,24.464120109977134,1,0.0625328885254849,3.871896817530784,ns
118.07422218330612,24.465987337283643,1,0.4335761521933579,1.1429785272249753,ns
118.11831881376408,24.488989158674077,1,0.4569977688958955,1.090043343335242,ns
118.1256938288022,24.49548640824179,1,0.6273867408109626,0.770657633293185,ns
118.09685386570727,24.473876958139066,1,0.2466108972726667,1.7478474907962205,ns
118.07396052182352,24.46296002576291,1,0.3736166983254951,1.2948126887692162,ns
118.0715992583575,24.456078936613626,1,0.3104571980190435,1.4903207487712895,ns
118.07700583692254,24.45582931261105,1,0.6751781003903448,0.6936070156097844,ns
118.10928693039772,24.494351398843445,1,0.4513131190547002,1.1026135092513296,ns
118.0718209427058,24.486488902965103,1,0.1552049732529136,2.3330436141690205,ns
118.08070217048504,24.467320006673912,1,0.3599331539667599,1.333526775457559,ns
118.07167152041032,24.49355212172445,1,0.2044010476080594,1.9729021342732296,ns
118.1060484011212,24.492468156185396,1,0.2754576153121645,1.6218269258636124,ns
118.11717426483136,24.486032579199943,1,0.5312073960047925,0.9394167924835666,ns
118.0745461749342,24.46408872925593,1,0.4129191285568478,1.1923848901892362,ns
118.10540109936784,24.47330276288449,1,0.6943141186084454,0.6635286688451816,ns
118.09757045453364,24.47228581495695,1,0.3543306765845246,1.349897210054423,ns
118.12656563014562,24.52057888292786,1,0.0759526158419493,3.4879941919773794,ns
118.09159889120076,24.49105146041494,1,0.2513549835311073,1.7258149184724074,ns
118.11717226243952,24.486023575870867,1,0.5314433277702775,0.9389718745758348,ns
118.08559553517507,24.516752245150823,1,0.2580684709164652,1.6955649846894634,HL
118.13601703637342,24.49809706789968,1,0.0512604271358656,4.30211878616487,HH
118.0796480397082,24.457609883151523,1,0.5429620260920929,0.917469032825387,ns
118.12540971692958,24.47587298738508,1,0.0473756163879124,4.484183848621169,ns
118.0871347499054,24.46122827224986,1,0.1125638989120712,2.807818183572995,HL
118.10419822691136,24.52424449588279,1,0.2442261313170244,1.7591378411894845,HL
118.11416774724492,24.51573406264058,1,0.4091453381394158,1.2017151315292138,HL
118.1129907584999,24.479061761751407,1,0.5472526814916261,0.9095655317392388,ns
118.07792469185944,24.454067337711805,1,0.4863912571922065,1.0275981741397036,ns
118.07611307405826,24.456757149245227,1,0.5708159132302503,0.8671091508761913,ns
118.10826303649964,24.51782894297668,1,0.3170000010555069,1.467846763796687,HL
118.09940361368425,24.488471850738275,1,0.3014755534402157,1.5221755942100557,ns
118.19045065080306,24.48835586129374,1,0.5836291454795322,0.8446400590855511,ns
118.06867397811494,24.458799458924773,1,0.2461341917491896,1.7500926833610633,ns
118.11210795359491,24.473851199526525,1,0.5154907719077666,0.9694838503621944,ns
118.11622688114798,24.48552760616586,1,0.4638753550610616,1.0750588431330157,ns
118.10106293404942,24.474697143347804,1,0.1227127659749454,2.673782227281168,ns
118.1154559654314,24.4825404298245,1,0.5739311497099199,0.8616085380695386,ns
118.08962002054643,24.46576455062335,1,0.168584444977557,2.2207533326254305,ns
118.07384846639518,24.464464389904855,1,0.4390041043711549,1.1304348858995603,ns
118.12227021078095,24.503681521083717,1,0.5183901714606755,0.9638718375584754,ns
118.0679643768207,24.460585573591057,1,0.1320751958298118,2.5634828624420773,ns
118.111773884852,24.44079986598817,1,0.0843225694160137,3.295333240526647,ns
118.10832161346484,24.49682613439636,1,0.3902031820598501,1.2501069612060935,ns
118.10900528055944,24.470853464530254,1,0.7180441407458495,0.6266354940186233,ns
118.08410804107756,24.43881601381482,1,0.2479317088084903,1.7416568904396674,ns
118.08734591032632,24.51512551710335,1,0.5241213009845059,0.9528668706494314,HL
118.06738574127672,24.447831852817327,1,0.0848306765422763,3.2845377807607696,ns
118.0916703893796,24.51231145164989,1,0.6728655937062012,0.6972667419732878,HL
118.1034403874109,24.470108286494423,1,0.4143584074047787,1.1888522358857398,ns
118.0807178801519,24.471326688087164,1,0.2230102920177036,1.8665738614365677,ns
118.11539128849626,24.476726427695535,1,0.7015752232664939,0.6521992833191054,ns
118.07538870127462,24.45186280174748,1,0.1827615337866597,2.1146183811712955,ns
118.09840274694815,24.49021487023244,1,0.3199089282740028,1.4580430808144351,ns
118.09224360997932,24.47084217017431,1,0.0861392839638373,3.2571621223088867,HL
118.08142116995134,24.480043755431215,1,0.2295312878331841,1.832131142564299,HL
118.0951117682034,24.51619598298745,1,0.4907727124946421,1.0186280475408749,HL
118.1516476057078,24.52845212213155,1,0.919060067450162,0.296762807283032,ns
118.1774921510541,24.511524198433076,1,0.461234012979146,1.080785282516089,ns
118.1817585759033,24.511450978929393,1,0.3661721558153227,1.3156579625776728,ns
118.1245700227932,24.492452585063297,1,0.5805733125520236,0.8499619729735601,ns
118.16803569688996,24.48123506679254,1,0.3046664784236769,1.5107209335828913,ns
118.07009920272458,24.455882402643372,1,0.2965784269269569,1.5400614964594448,ns
118.18594796622952,24.477643426840256,1,0.5265645009429339,0.9482101959352056,ns
118.10995432130478,24.472331358125366,1,0.7173752239561293,0.6276708053739436,ns
118.13476029320758,24.48549128227548,1,0.1822756848544821,2.118064038110151,HL
118.09089676923692,24.489046214935076,1,0.3113549956525011,1.487201385992056,ns
118.11321920733089,24.47712763074507,1,0.7501685090132265,0.5770908325788005,ns
118.11304973599684,24.480489041108463,1,0.4728405788704533,1.0558776958784712,ns
118.13942125440812,24.50005164184388,1,0.0312691518011611,5.566004003526497,HH
118.13455865200552,24.516574386190477,1,0.0895746981424598,3.188081996180781,ns
118.12022692404,24.502017043905752,1,0.519665000384549,0.9614138680265816,HL
118.13698516787726,24.53913365997804,1,0.1100935934170774,2.843093504174694,ns
118.08255579630811,24.44236940537048,1,0.1418326683662158,2.4597889838968903,ns
118.08889657050985,24.483080573809534,1,0.0973898496548087,3.0443407351705076,ns
118.16988808734484,24.48494715120981,1,0.5665654821888167,0.8746548153410547,ns
118.07385134474302,24.493930181284412,1,0.1433875658343739,2.4441983184018428,ns
118.11773457945868,24.479631103147383,1,0.5140836876489872,0.972218380764937,ns
118.12770809651153,24.501934891329764,1,0.1560965987064251,2.3251428970728605,ns
118.1007879637974,24.512825719195767,1,0.4226224153707236,1.1688363134248805,HL
118.18565835508348,24.490810999806623,1,0.2044478379109479,1.9726183515745477,ns
118.15169841414226,24.53286871218613,1,0.8825480370337785,0.3648051520176201,ns
118.15340532680447,24.479956573455723,1,0.2024785701428681,1.984639579376227,ns
118.13554445208533,24.478285300508414,1,0.0519702771457351,4.271038245819301,ns
118.10009208015136,24.433747186984327,1,0.0778848370610431,3.440853037974359,ns
118.11521106197073,24.518072267384785,1,0.5923819771965797,0.8295179163149328,HL
118.17033571748456,24.47777984210361,1,0.1227757108230114,2.6730008416461044,ns
118.1392588376649,24.528894093178497,1,0.1739247689867108,2.1793605372936304,ns
118.11805988687814,24.55203163869482,1,0.298475185830941,1.5330891253228525,ns
118.14543043988743,24.53407685548992,1,0.1593901234273633,2.2965004809591516,ns
118.17962652659722,24.50957185892747,1,0.5426395965061702,0.9180652321112532,ns
118.1870586093868,24.47713927956801,1,0.5376119668453981,0.927403710766028,ns
118.13946507230638,24.50395526096535,1,0.0365711642604208,5.1326355434277655,ns
118.14505191598178,24.515083954156232,1,0.0786970672483498,3.421542609550314,ns
118.10031274557012,24.468730887561588,1,0.2905901198847858,1.5624574325114005,ns
118.15155344293736,24.527538847641143,1,0.855949760748677,0.4102351362427846,ns
118.12816023110054,24.498024923385632,1,0.2324765393476973,1.8170055908145848,ns
118.15583904640852,24.511630669386356,1,0.2182996973652065,1.892315615598684,ns
118.1418207957599,24.497317127813503,1,0.0435505277067324,4.686345514343127,ns
118.09891339373148,24.52809905555969,1,0.083306329639349,3.31721114679167,ns
118.15089263437768,24.48838138007188,1,0.1626278803091874,2.269142383658198,ns
118.120316384157,24.427779035750586,1,0.1062708695369283,2.8999855892572164,HL
118.15576928034451,24.477764534356822,1,0.2508981410269679,1.72791237764823,ns
118.16671538783604,24.509322711624872,1,0.0704521716893644,3.632358271754611,ns
118.15284651720825,24.52843328063085,1,0.9449520383862638,0.2413602449399451,ns
118.16784283439108,24.472441250360102,1,0.038652834505751,4.987115786726057,ns
118.10675770270204,24.471054118111528,1,0.7580052210898035,0.5650240054514284,ns
118.15604629614714,24.529371229064452,1,0.9527765484601572,0.2226298192323691,ns
118.09576672790573,24.52202477027755,1,0.1276717722406699,2.61392137141943,HL
118.11723153267754,24.511397283415455,1,0.1867868984583351,2.0865508736810727,ns
118.12613865844014,24.50921188867173,1,0.1497709315174446,2.3826168511242907,HL
118.18689511976235,24.478659245251823,1,0.4991800196459243,1.0016413076517436,ns
118.18973999632335,24.48879973146546,1,0.6616312770565803,0.715133450142588,ns
118.16051702922655,24.534685124795327,1,0.2189270018119916,1.8888442459338588,HL
118.09343648400048,24.43839910521641,1,0.0937619992222366,3.1089068169604523,ns
118.16813041796296,24.488539395058876,1,0.3108130530614928,1.4890829706963458,ns
118.08815344378117,24.440554095057635,1,0.1500308454590759,2.3801882360908535,ns
118.15430375825665,24.53291243401248,1,0.9633721949952382,0.1949882282006449,ns
118.1119731346876,24.440948048541895,1,0.0825086976119859,3.334656559506734,ns
118.11394882919248,24.496403233899738,1,0.1397370804458426,2.481188554940332,ns
118.08554882241413,24.47101947081254,1,0.3186701818817733,1.4622040548603326,HL
118.12120649573852,24.474691896645073,1,0.0722440953587257,3.58356828957762,ns
118.17311637240022,24.482088765273716,1,0.2939063241969131,1.549982144657889,ns
118.14065158556868,24.5335938543192,1,0.0823971538968141,3.3371157487254743,ns
118.14987506800466,24.532230387542487,1,0.7648665589466496,0.5544525217997994,ns
118.12740804805836,24.536627802673543,1,0.156485486434356,2.3217168196552036,ns
118.17992204178655,24.484163695006533,1,0.1835279444981974,2.1092087402739392,ns
118.17608150369432,24.48551883912804,1,0.4252576596529125,1.1625470103782252,ns
118.12268859849397,24.49429965002008,1,0.6467385834351367,0.7390668407919737,ns
118.15776652069115,24.52984046063014,1,0.8491040199230243,0.4215590203535971,ns
118.15202166118505,24.54039509993039,1,0.089592379826834,3.1877364299728392,ns
118.17529098931378,24.493366570250885,1,0.0973176060407101,3.0455923820723516,ns
118.12126802302092,24.55245003212232,1,0.3447113902908777,1.3787594195698454,ns
118.18209204872826,24.5303208902891,1,0.4411284043433522,1.1255725864021664,ns
118.09747701237588,24.435785973738582,1,0.0724932964133895,3.576923108143392,ns
118.15278823771972,24.53036639591598,1,0.983144607690692,0.1309365012012832,ns
118.17801963868442,24.508849815488222,1,0.5409367355301654,0.9212193092842874,ns
118.17453598744818,24.50928641468043,1,0.5485948208039763,0.9071047001331208,ns
118.11037348124614,24.435482758284188,1,0.2632561161177102,1.6728963543618185,HL
118.12706491147296,24.52958358329941,1,0.0751998668993628,3.5068355931104853,ns
118.19194282806392,24.491180779349257,1,0.3231627125820709,1.447209869774068,ns
118.11031284879591,24.526859406764764,1,0.105738138269152,2.9081481361109964,HL
118.19044508947768,24.49614802255861,1,0.1934574013310394,2.0418365809832277,HH
118.18186339731923,24.531724636394216,1,0.474390895247839,1.0525997612575877,ns
118.19141802341753,24.485815083631092,1,0.42168809683222,1.1710768464833858,ns
118.15544385925244,24.444218884730724,1,0.0053911986896309,13.582617793771435,ns
118.15714981279832,24.51828693980329,1,0.1692799723203325,2.215259209820603,ns
118.15962892216668,24.46268009885457,1,0.0243612313752178,6.32841434642171,ns
118.17125720340285,24.503565489679556,1,0.2001785705657786,1.9988846185387312,ns
118.1868883511617,24.531887557047064,1,0.3275173190414028,1.4329248583051564,ns
118.18090125945749,24.486505843439687,1,0.1960308200617501,2.0251515180265143,HH
118.1734987798256,24.489823690548032,1,0.2345524251637902,1.8064991512258004,HH
118.17344653124152,24.505636884308945,1,0.3891643851185561,1.2528400586133084,ns
118.17842622852864,24.486327296395963,1,0.2561769708056368,1.703981075380523,HH
118.19147408605996,24.48672331853177,1,0.526164012985663,0.9489721129579944,ns
118.18633055414077,24.496271989901757,1,0.1901068570538754,2.0640250796307495,HH
118.1794506674036,24.487329329891978,1,0.243330857063093,1.763414546430131,HH
118.17292412854108,24.50703109626999,1,0.3935399850185558,1.241385458491598,ns
118.17655948985885,24.488300157688673,1,0.2587641217812397,1.692490291164357,HH
118.15505091682998,24.51429256939728,1,0.278052376414716,1.6113487258378087,ns
118.18173504914012,24.48977085538254,1,0.1636394243910215,2.2607513811315325,HH
118.17355367157136,24.49329131655424,1,0.1088579090717567,2.8611688252115832,ns
118.18408048264034,24.478424261032508,1,0.4971709824088307,1.0056741328162713,ns
118.18877132585632,24.495083030549697,1,0.2434538474383648,1.7628257768122355,HH
118.19114393806058,24.492430641165132,1,0.276096284246146,1.6192358925437569,HH
118.17196611722343,24.487468454810188,1,0.4489425102996022,1.1079064466245296,ns
118.19042486817726,24.498636349987365,1,0.1464193967437586,2.4144763856273856,ns
118.15677889169652,24.532390920076885,1,0.925870904994414,0.2829561454152781,ns
118.1435211000641,24.547175982911185,1,0.0817943857609613,3.350489214434067,ns
118.1180268935023,24.509439800521378,1,0.1710988294677691,2.201039605151892,ns
118.19214345620854,24.48865672575181,1,0.4776356366052777,1.0457753704994208,ns
118.1502435025639,24.524498151095944,1,0.2002757877452987,1.998277958802422,ns
118.12569482251943,24.495599426082748,1,0.628004233095805,0.7696401461290016,ns
118.08071616160711,24.46741701576612,1,0.3616825157717379,1.328478752513619,ns
118.18633256019628,24.496252990622835,1,0.1903148698508585,2.062631854871762,HH
118.1886279986964,24.495026777288707,1,0.2302005939772982,1.8286709503274692,HH
118.15009758153336,24.520312161378943,0,0.0752755389009436,-0.2853124766870141,ns
118.0847199048194,24.445764339023775,0,0.0563753928133371,-0.2444247398909888,ns
118.1038077824894,24.49426556099665,0,0.1776428549305617,-0.4647759390596994,ns
118.10192146864146,24.471759957254108,0,0.3848246891691025,-0.7909190115831282,LH
118.08750297603422,24.492770536372102,0,0.0820894210538735,-0.2990497259835883,ns
118.15110015246648,24.44393422051943,0,0.0141033923774613,-0.1196041112514353,LH
118.1630577335081,24.482244552442992,0,0.0686621744127726,-0.2715220821860259,ns
118.0753976761829,24.49006273438983,0,0.1454532891464571,-0.4125664135315621,ns
118.14161453965606,24.44597035554926,0,0.0136018043149139,-0.1174281250518523,ns
118.1665854235258,24.523286666995,0,0.037803749231763,-0.1982145846046666,ns
118.11226256351044,24.436168518234656,0,0.2911241510239584,-0.6408465155958846,ns
118.19094804785176,24.508266925357937,0,0.0512295906210771,-0.2323699031961011,ns
118.17013252884422,24.51029297410704,0,0.1219841656398322,-0.3727353268165194,ns
118.17499408501033,24.49945463907803,0,0.0563688048589732,-0.2444096047202768,ns
118.13787586283216,24.480452642312024,0,0.0564253529968936,-0.2445394948363802,ns
118.12035773677198,24.527058185252912,0,0.0561451201126233,-0.2438952795412454,ns
118.15513219455224,24.543527259203564,0,0.0692299534326173,-0.2727255463285349,ns
118.0919096234476,24.480391086568307,0,0.0662911774455008,-0.2664539331164219,ns
118.07505887245613,24.46767546665843,0,0.3042775066058466,-0.6613279867597213,ns
118.13726117526708,24.519594114470653,0,0.0658214627969325,-0.265441499642803,ns
118.15141503961485,24.491128677278585,0,0.1723064985493011,-0.4562638448758587,ns
118.07896159061433,24.48924941463395,0,0.0470866159257977,-0.2222910750399737,ns
118.16117143764114,24.527920428939968,0,0.1029553659982962,-0.3387797686330162,ns
118.11371537701248,24.5095467911268,0,0.1478425711728825,-0.4165238137985795,ns
118.16410316368828,24.474654740405025,0,0.048067807786452,-0.2247109061073184,ns
118.09658837269286,24.513479469354905,0,0.6000767386326137,-1.2249406959050175,LL
118.18379403125044,24.4985912716091,0,0.1185029559491907,-0.3666520872257109,ns
118.1419300548605,24.5180135872293,0,0.0657602466769287,-0.2653093436448721,ns
118.10710675246058,24.525770926814253,0,0.2414889204825622,-0.564244897754634,ns
118.1576627188228,24.540367674272137,0,0.0583981463811003,-0.24903814845052,ns
118.18029961878878,24.491122719608196,0,0.1174380961062786,-0.3647807504254086,LH
118.08681210572846,24.522355287824073,0,0.1258046690166373,-0.3793535376564052,ns
118.1231333875816,24.557052996513672,0,0.1342465215607309,-0.3937806742149784,ns
118.08279700696647,24.49881867276728,0,0.0481166542312618,-0.2248308210233796,ns
118.07821145917605,24.493352407655525,0,0.062140722326243,-0.2574063812520138,ns
118.18256830016712,24.534810700845647,0,0.2791823371284738,-0.6223450781616533,ns
118.1360998133076,24.49096347019611,0,0.0692244178949151,-0.2727138317695306,ns
118.11493156163657,24.433058671819783,0,0.2821892435152652,-0.6269966878526798,ns
118.07618077337092,24.493908475289036,0,0.0851865855981429,-0.3051541942540316,ns
118.1406672724756,24.5102748482564,0,0.0527445278252086,-0.2359691037448558,ns
118.13687288011398,24.46559267543156,0,0.0162200390203452,-0.128403529422613,ns
118.18671885445076,24.518593155936156,0,0.0323922084565118,-0.1829660873204513,ns
118.08076130016283,24.45526111727801,0,0.5265541327469679,-1.0545965540508464,ns
118.1420069063027,24.52123903531464,0,0.0573745888070152,-0.2467119701426332,ns
118.18975633998484,24.51968489308431,0,0.0266752177668321,-0.1655484413258251,ns
118.13302396090224,24.486978744778337,0,0.3123763013924207,-0.6740057805200005,ns
118.11478026196758,24.50863091888929,0,0.1618273002078283,-0.4393990754247591,ns
118.15443662851622,24.544381396412565,0,0.0600996403820527,-0.2528686725919635,ns
118.11437571082328,24.530022351571223,0,0.0551722037508354,-0.2416483504910049,ns
118.10950859200264,24.5519524765326,0,0.0447201888387565,-0.2163647536913918,ns
118.19021665588464,24.48065909409489,0,0.1750719385750418,-0.4606809266884413,ns
118.1351502277327,24.53713295944658,0,0.1481561166318847,-0.4170419939574156,LH
118.1062725401414,24.546946215674556,0,0.030165518403449,-0.1763626379170383,ns
118.15488793158724,24.483422873049296,0,0.107779546163095,-0.3475618400128899,ns
118.10208770358167,24.466403710818312,0,0.1686994604385111,-0.4504823870266328,ns
118.16123114256293,24.52660683456902,0,0.0597953800902777,-0.2521869591419228,ns
118.1797956296289,24.5318986189219,0,0.2947021332919196,-0.6464059639003578,ns
118.12521441375138,24.545835241197036,0,0.0499711920069516,-0.2293461569361694,ns
118.11472696396088,24.472368127152,0,0.2252790551221921,-0.5392470267892671,ns
118.11503706542084,24.431569440039524,0,0.1919952747934833,-0.4874592544616544,LL
118.1009184732665,24.543120686412585,0,0.0150295215343471,-0.1235267372736605,ns
118.15450769764908,24.518561113183004,0,0.1732057466543468,-0.45770159284777,ns
118.1274170453427,24.50781714899473,0,0.2228007151262669,-0.5354169232418898,ns
118.16522956000576,24.49587680339937,0,0.1175938394958667,-0.3650547632702746,ns
118.10463190276884,24.5353338070633,0,0.0493046846714698,-0.2277316621067195,ns
118.14900855717548,24.47382432208103,0,0.053569142719396,-0.2379101125204523,ns
118.18708505675032,24.48629977255832,0,0.3247706798735911,-0.6935260222189974,ns
118.09201996246796,24.515144235955535,0,0.7819637262336975,-1.8937773939142717,ns
118.1374977253884,24.52944057192509,0,0.2157716635621989,-0.5245367724882569,ns
118.14242481165496,24.499406439914267,0,0.040939490913688,-0.2066085142539946,LH
118.11752943757168,24.481864107828933,0,0.5176993061844425,-1.036047931863254,ns
118.1365125600829,24.531051059326195,0,0.1844676787199114,-0.4755974884587318,ns
118.15513174202852,24.45382643840967,0,0.016033748452504,-0.1276519435147688,ns
118.08472849895136,24.468819556504354,0,0.5774077887874363,-1.1689086562706088,ns
118.0827100503132,24.459288882859948,0,0.2158508288461977,-0.5246594703033155,ns
118.07517901302909,24.485175250775526,0,0.1757751517614682,-0.4618020847618216,ns
118.08854142463224,24.471462716521632,0,0.3031128947293677,-0.6595094026709346,ns
118.18207559748144,24.52602217483926,0,0.0932338233389093,-0.3206557935119041,ns
118.11413465387906,24.488548964158955,0,0.2781573452262165,-0.6207603875070618,ns
118.12848948975208,24.52591010443475,0,0.0564993966898707,-0.2447094912235123,ns
118.13615205482844,24.49531089300903,0,0.0480248119462654,-0.2246053112657955,ns
118.14892462886311,24.516195902304883,0,0.1666256572582412,-0.4471475700010295,ns
118.17942019332487,24.490526685191497,0,0.1109712949972497,-0.3533030895142102,LH
118.14787192885836,24.525621462485915,0,0.120829970020805,-0.3707241655903516,ns
118.10061657489489,24.47129398058375,0,0.3423473700006813,-0.7214981424595079,ns
118.09471978671894,24.442535706572787,0,0.0654460873854225,-0.2646303577555707,ns
118.08545930863632,24.460213126044763,0,0.1387951597026598,-0.4014522806085218,ns
118.08301449709248,24.514709814017277,0,0.1733321325835876,-0.457903551282279,ns
118.14549744062133,24.45948620501399,0,0.0176354650463591,-0.1339852900008448,ns
118.10683848996808,24.480153611655624,0,0.1198186229812784,-0.3689572718303776,ns
118.10885382330274,24.43880358500717,0,0.1156970526783144,-0.3617100799197035,LH
118.10663182869978,24.534776749637995,0,0.0396705590256682,-0.2032469506794196,ns
118.17490720552212,24.504336922492612,0,0.2400490771267615,-0.5620270869771933,ns
118.12989927867602,24.47822188223491,0,0.0561325629556061,-0.2438663815646622,LH
118.11076608207432,24.551777969542137,0,0.051700434583723,-0.2334932451163371,ns
118.14594345134589,24.53931700266506,0,0.1311602416389099,-0.3885359966056145,ns
118.0878075808543,24.442958350335832,0,0.0999721990283008,-0.333281847666516,ns
118.11231943791672,24.544342824025765,0,0.0756887600072453,-0.2861584521631974,ns
118.12484088164904,24.4732635912642,0,0.0643345803557315,-0.2622176655587088,LH
118.11622702599205,24.496936264573883,0,0.0967505195346906,-0.3272825065884039,ns
118.0800187613091,24.46399642726964,0,0.1645670548225413,-0.4438289732125569,ns
118.0951144963007,24.52540930275231,0,0.1074496847302866,-0.3469654404051112,ns
118.10970789628075,24.53639409094168,0,0.0304679221812483,-0.1772720747092451,ns
118.09211485664224,24.52232693507038,0,0.2203074315391697,-0.5315607141540033,ns
118.16864038526606,24.510803084670886,0,0.0836856654057364,-0.3022061488790656,ns
118.16457260719154,24.49681855826725,0,0.1123206838348445,-0.3557147051666519,ns
118.128407019228,24.55430058656978,0,0.0589803244710151,-0.2503538224507356,ns
118.1352494436264,24.506584077924487,0,0.0576804341793677,-0.2474088075327879,ns
118.14622649319774,24.505910706996993,0,0.039400022879718,-0.2025242119894985,ns
118.12250135037178,24.524343367844455,0,0.0452361455888385,-0.2176681128645116,ns
118.1485633485436,24.4763977563207,0,0.0666697005669887,-0.2672677575646372,ns
118.10836966048574,24.476279255398047,0,0.4264400179516479,-0.8622626117750385,ns
118.11037279752792,24.469002267126847,0,0.5232775238050404,-1.0476910318125894,ns
118.09139034122592,24.483990362448584,0,0.1263700547846815,-0.3803280274392285,ns
118.07954909239876,24.47861733647733,0,0.4969105598851776,-0.9938400916436648,ns
118.134673509445,24.504300872045206,0,0.0468060349449876,-0.221595167032805,ns
118.08835523838364,24.446799179028016,0,0.041957664323886,-0.2092730489150347,ns
118.17729281559626,24.484111038466686,0,0.2780087206501135,-0.6205306443854339,ns
118.13813429866758,24.482331260687353,0,0.0934981826509131,-0.3211568911152477,ns
118.11885776259768,24.499222063812415,0,0.2132908849041373,-0.5206897841584531,ns
118.08057468998354,24.44555456664988,0,0.0867718499632412,-0.3082476563647484,ns
118.06032726038492,24.44189223234325,0,0.0526124552138563,-0.2356570566925714,ns
118.16800665928508,24.51332884373321,0,0.061328187493391,-0.2556072550719906,ns
118.0605938350062,24.451244250326848,0,0.0543535447589623,-0.23974498803016,ns
118.15814814498886,24.453547547264098,0,0.0156510518703765,-0.1260948137802951,ns
118.07187427023548,24.45425647099995,0,0.2864720306230379,-0.633629826662991,LH
118.16053987852446,24.448830517659108,0,0.0127405907555316,-0.1136002120750411,ns
118.1020778738642,24.547061673085693,0,0.0172239655880185,-0.1323851573204173,ns
118.12207939929704,24.546541055865916,0,0.0879244378779938,-0.3104841184106376,ns
118.15368913500023,24.477876718883422,0,0.239627074149149,-0.561377006203502,ns
118.14244669445208,24.48167252050039,0,0.0503848689969865,-0.2303436550552031,ns
118.15514380522282,24.45634733212138,0,0.0211120087966078,-0.1468582263262372,ns
118.0831379424414,24.45839615671696,0,0.2105752974207011,-0.5164738714097332,ns
118.15794143256625,24.537599616807448,0,0.1391799859226487,-0.4020982807724128,ns
118.15000431496658,24.51419737554314,0,0.1668723502616894,-0.4475446988840352,LL
118.09462488802691,24.4750185178034,0,0.1239962316601858,-0.3762281232899179,ns
118.1013833862409,24.470241185335915,0,0.3886293394256248,-0.7972884919915824,ns
118.10848578059613,24.52924077273992,0,0.1226095831539753,-0.3738227815489545,ns
118.16991151771532,24.490107406995513,0,0.3580430277493126,-0.7468177826488878,LH
118.1637078412843,24.481487924122455,0,0.0958812419762685,-0.3256522518200755,ns
118.0947890648226,24.53608789813578,0,0.0329929785242805,-0.1847123562772822,ns
118.18101758585624,24.51841160804816,0,0.06898525998724,-0.2722073666930686,ns
118.09880305073104,24.50356851262551,0,0.0478180711343469,-0.2240970086572874,ns
118.11265364892888,24.432717685139803,0,0.2807681749940027,-0.6247977997653709,ns
118.0852356977626,24.496701551277543,0,0.0407197885392799,-0.2060297872878392,ns
118.18213170980404,24.513308870009563,0,0.2275959175943214,-0.5428251407674956,ns
118.16431191980286,24.54036373012568,0,0.0405857836738538,-0.2056761306432395,ns
118.09529831110932,24.48924546513008,0,0.4057829912911449,-0.8263696913759094,ns
118.0845250578646,24.500402071118707,0,0.0527156838656372,-0.2359009821256563,ns
118.16511395013605,24.461954221119544,0,0.0275271988864958,-0.1682450434382942,ns
118.10612454767065,24.537482207205553,0,0.0311684305274255,-0.1793631928100197,ns
118.09223296057164,24.43683601210039,0,0.1256648864202802,-0.3791124191151196,ns
118.10936380398766,24.522684167347656,0,0.3311210419744622,-0.7035899429684429,ns
118.10607029050232,24.508635389007665,0,0.1008556221873554,-0.3349155714394204,ns
118.19275650106974,24.494859578964395,0,0.084037242572613,-0.3028984068148454,LH
118.17599250837056,24.476813813010217,0,0.0534516519449618,-0.2376343209609214,ns
118.13119336512806,24.50886472763525,0,0.1220127942233061,-0.3727851406257708,LL
118.17616170615622,24.47906386325768,0,0.0619768228680137,-0.2570442361823616,ns
118.09360015648922,24.43540197357538,0,0.1088403199483114,-0.3494758263247501,LH
118.11166325584924,24.460517732600728,0,0.03218176185841,-0.1823509404265765,ns
118.11629491962957,24.51627333382453,0,0.5861420556021151,-1.1900790044532654,ns
118.12148005984216,24.544615311229897,0,0.0463198448772012,-0.2203850727761906,ns
118.17792537980924,24.469452971060154,0,0.0452702099237174,-0.2177539377142745,ns
118.11815282045951,24.527440017396945,0,0.051640511330956,-0.2333505184004361,ns
118.14882288507506,24.50212713020496,0,0.0348251238078394,-0.1899517636679425,ns
118.09778250877666,24.438107399863537,0,0.0731528590325541,-0.2809387170744428,LH
118.13130422089245,24.503877849900263,0,0.080998199370178,-0.296879015428404,ns
118.18070731793308,24.513261764050483,0,0.3037867146680224,-0.6605614659820976,ns
118.16682018888724,24.53863279637652,0,0.0333437146725194,-0.1857252497041137,ns
118.16512193261129,24.516343451557177,0,0.0491138163799269,-0.2272676244987468,ns
118.10862220901316,24.525347064066818,0,0.1910567496701483,-0.4859842164577054,ns
118.10329655589769,24.52032630044622,0,0.0887174098120207,-0.3120167365853116,ns
118.11030061414812,24.507928390715172,0,0.0692917938277977,-0.2728563910872559,ns
118.13256044591397,24.529169049883635,0,0.0725695208450891,-0.2797283254749612,ns
118.1228210943962,24.48384081842876,0,0.1475505617593276,-0.4160409881390636,LL
118.16453109712135,24.451073385306746,0,0.0109691673234446,-0.1053129832090923,ns
118.12378057688538,24.55377949876221,0,0.1514047723129234,-0.4223957012368382,ns
118.12181475863744,24.510430580727757,0,0.1928085437626158,-0.4887365952720512,ns
118.15797985818664,24.472067501782547,0,0.0619282872991128,-0.2569369204687747,ns
118.17657466194558,24.539736787913096,0,0.0482649521871735,-0.2251945671343599,ns
118.08763565931132,24.489553731832935,0,0.1481043384730399,-0.4169564410147598,ns
118.09831161772318,24.53302691536446,0,0.073560596513983,-0.281782561072343,ns
118.10476199739882,24.484385450588675,0,0.0601458621493122,-0.2529721130487103,ns
118.16473374627796,24.541916264273382,0,0.0358866072493167,-0.1929310566878159,ns
118.1312918045974,24.434614259808516,0,0.0507910005801587,-0.2313196149412262,ns
118.078587475917,24.49059004894572,0,0.0517698217210984,-0.2336584267430241,ns
118.15275465118242,24.51951540065575,0,0.139775356216772,-0.4030968123562922,ns
118.11825904530323,24.43856219238204,0,0.1060796222669565,-0.3444820234922759,ns
118.14486253998004,24.517668286537873,0,0.0772829009249393,-0.2894059285123307,ns
118.15560409958714,24.52008527166525,0,0.1431837677324593,-0.4087926233289237,ns
118.16692895303292,24.543457428857057,0,0.0245254289960043,-0.1585624436045334,ns
118.1092975716595,24.535480168681556,0,0.031961619561548,-0.1817055115635269,ns
118.12689649566126,24.5111483617414,0,0.1734513026995721,-0.4580939541864988,ns
118.15907771626132,24.49049166355982,0,0.0844973940250053,-0.3038028649952441,ns
118.14296379848102,24.521893461463232,0,0.0565089888808262,-0.2447315071781236,ns
118.09654802885866,24.485437283593008,0,0.2110336535538331,-0.517185832517222,ns
118.12475988042036,24.522753915631817,0,0.0865619251579502,-0.3078391832972411,ns
118.084385936189,24.453456689702204,0,0.093928536929909,-0.3219715902422884,ns
118.15877037136543,24.465910036781302,0,0.0451041028347131,-0.2173351697455977,ns
118.08283835171213,24.49355762147078,0,0.0398095326960914,-0.2036173799335048,ns
118.10891602139291,24.53747764508025,0,0.0293555077666394,-0.1739060541045529,ns
118.15987242583478,24.487143437003024,0,0.0469036414444853,-0.2218374556454276,ns
118.14764010723738,24.543074103950605,0,0.0861392577653137,-0.3070156768513687,ns
118.1560234884388,24.543023949693612,0,0.0629643677641527,-0.2592205158221307,ns
118.12727407842428,24.492963998844843,0,0.3284221603616535,-0.699307278122341,ns
118.13259215941676,24.514457048927383,0,0.1132754344069886,-0.3574155950459657,ns
118.1043827858125,24.519830233009465,0,0.1169063743735995,-0.3638444217730153,ns
118.16124418755872,24.48275573774793,0,0.0455724326291266,-0.2185141767533314,ns
118.13389072901562,24.507492432392333,0,0.1195099948726809,-0.3684172009360854,ns
118.0899979849764,24.51332337745851,0,0.6699195400635787,-1.4246277998167818,ns
118.14478074386368,24.5246282458976,0,0.1036695693686407,-0.3400882103351858,ns
118.10736144976076,24.51456064758193,0,0.3190661543681365,-0.6845227845789414,LL
118.18076775859817,24.481595337520748,0,0.109089830736571,-0.3499251648335517,ns
118.093407899005,24.47273892028987,0,0.1049106459505677,-0.342354928766968,ns
118.15296275011734,24.48556105259568,0,0.1540854595600564,-0.4267932910421747,ns
118.1155868862829,24.54237253727109,0,0.0603095860033915,-0.2533382553307302,ns
118.13730657483336,24.48779006922712,0,0.1440001126885906,-0.410151743696124,ns
118.14683210616668,24.495522467328293,0,0.0631350776702618,-0.259595326892439,ns
118.10078762369857,24.463366688893043,0,0.0582423743422053,-0.2486852132070148,ns
118.10490946166604,24.506424877715848,0,0.0626683643498588,-0.2585696468862955,ns
118.16803448332772,24.458441151589916,0,0.0163981443429293,-0.1291182653225634,ns
118.08465962128592,24.494323383055686,0,0.0501865515426323,-0.2298658844989135,ns
118.1516359311084,24.478106445523444,0,0.1953945278665348,-0.4927932012331422,ns
118.15364398182938,24.483894903971382,0,0.1230344412549995,-0.3745605912300612,ns
118.15102985914363,24.49738306034514,0,0.0737043020148645,-0.282079545595803,ns
118.1490624478463,24.490288643348386,0,0.1710309562565612,-0.454222042117443,ns
118.16475911022565,24.47715309295421,0,0.0755644742096298,-0.2859041892283621,ns
118.1231357992079,24.52166555423061,0,0.1220736895442528,-0.3728910873111026,ns
118.08628575645692,24.46565165366163,0,0.2824711886003502,-0.6274330719075992,ns
118.10829212557984,24.514829696722444,0,0.3817771234753517,-0.785836894798337,LL
118.14334111544186,24.523520162398572,0,0.0753234868510414,-0.2854107288999603,ns
118.1289059484478,24.42825054943201,0,0.0977363171836417,-0.3291252838891798,ns
118.08769942658432,24.4958386275514,0,0.0533691811943375,-0.237440583137276,ns
118.1742734447238,24.469090121881084,0,0.037978243700019,-0.1986895341801784,ns
118.16004506517994,24.532727236782367,0,0.4852252214843093,-0.9708744078095064,ns
118.11863211692942,24.44136131723724,0,0.0841566398136878,-0.3031332618931524,ns
118.14056155687722,24.539346061691138,0,0.1043186052107307,-0.3412747123757277,ns
118.17830639961868,24.520407660002675,0,0.0535844898547786,-0.2379461190133832,ns
118.11826812649414,24.48324626317395,0,0.4566931475550759,-0.9168317748902026,ns
118.15001639490993,24.49297584866563,0,0.1082844780150044,-0.3484736469324053,ns
118.11571747529716,24.54445276703559,0,0.058338092884998,-0.2489021297157211,ns
118.15631228274952,24.5365678985305,0,0.2229777068381111,-0.5356905471301411,ns
118.15628955475049,24.45040111678978,0,0.0145806891528629,-0.1216405825310351,ns
118.1529779697545,24.51208945167643,0,0.2394270757678176,-0.5610689048877957,ns
118.13580039566249,24.561321539638342,0,0.0237191862667534,-0.1558699928844106,ns
118.18328697491448,24.507119059346735,0,0.1443521396807693,-0.4107372381185845,ns
118.10412140598471,24.50835185131717,0,0.13785009320141,-0.3998638463740545,LL
118.12125758996426,24.48809729741253,0,0.5277275629307903,-1.0570817838971505,ns
118.12800800241212,24.531244797577337,0,0.0986208461603774,-0.3307734227546465,ns
118.17906657911476,24.464519988577056,0,0.0256183007407918,-0.1621476282492734,ns
118.0960783420972,24.539180998625454,0,0.0316327585118806,-0.1807375905153637,ns
118.12832463812198,24.51024239237763,0,0.2009745657400631,-0.5015222988734647,ns
118.15917846649602,24.546888601663795,0,0.0333894078430815,-0.1858568548511861,ns
118.15564143304844,24.50693635797421,0,0.0746143493235778,-0.2839551812738954,ns
118.11144952219348,24.461838644916263,0,0.0368750604119379,-0.1956703653145957,ns
118.11089627346584,24.529772361815123,0,0.0770506182361702,-0.288934314196413,ns
118.15932640746604,24.528311597496348,0,0.3916730331326866,-0.8024043993239599,ns
118.10243604027492,24.52900078207258,0,0.0924367089809926,-0.3191418636583303,ns
118.15376938336593,24.473973339136148,0,0.1342358735161218,-0.393762635666677,ns
118.08844062613804,24.43695245592111,0,0.2534494906746892,-0.5826612193430748,ns
118.15676948145936,24.495053525815234,0,0.0552023141926131,-0.2417181334067359,ns
118.07634219188296,24.467768154066267,0,0.3296112093874442,-0.701193068605492,ns
118.1248829939688,24.506795124480433,0,0.3220336399288989,-0.6892020297928069,ns
118.1009488322678,24.53563956398781,0,0.0537496582944969,-0.2383333564184565,ns
118.17409859073584,24.48514125382565,0,0.4819976759547464,-0.964620790363402,LH
118.08403442898188,24.49714570708518,0,0.0410822452313781,-0.2069838236175318,ns
118.1706307654135,24.496749328742276,0,0.0699989823699734,-0.2743494862737474,ns
118.1484186901331,24.491935940469222,0,0.1237546262056139,-0.375809584797951,ns
118.16378313820124,24.54379186902437,0,0.033171070031532,-0.1852272683722939,ns
118.1524162502798,24.44642080682855,0,0.0127219371428302,-0.1135159476716008,LH
118.11178213456692,24.531070776804672,0,0.0485897869470055,-0.2259896725350051,ns
118.10402014765512,24.54426470830156,0,0.0173645243292275,-0.13293374074035,ns
118.19454871644048,24.503968294476508,0,0.0249109112654604,-0.1598352847255246,ns
118.14680270160515,24.499484106283877,0,0.0454950689592233,-0.2183197752915048,ns
118.1437896604631,24.50545214252606,0,0.0366798530592698,-0.1951319892692775,ns
118.098440616679,24.536932894854175,0,0.0396940473744851,-0.2033095978790905,ns
118.13405927087616,24.430654061878684,0,0.0517197016553011,-0.2335391212122956,ns
118.1793334564754,24.49320171215636,0,0.0705955438847546,-0.2756044775935893,LH
118.10754225880908,24.4813731228055,0,0.0780831211497827,-0.2910266091314358,ns
118.15656068985784,24.479558502053873,0,0.2230188288121422,-0.5357541183044491,ns
118.187314824422,24.474242351710284,0,0.337594857725543,-0.7138978331601615,ns
118.14553791583036,24.50321879627307,0,0.0314380335179514,-0.1801623262242682,ns
118.09894738598086,24.493316760328355,0,0.1014075559084535,-0.3359338572190782,ns
118.12781155573404,24.488328146932226,0,0.202537568471578,-0.5039618710021141,LL
118.13938643844146,24.478115984132533,0,0.044209320867247,-0.2150678661833084,ns
118.11052830620962,24.547558621632387,0,0.0457029648713953,-0.2188418614216557,ns
118.0872572154034,24.500030520462577,0,0.0331190935925384,-0.1850771184735427,ns
118.137978474073,24.436012197316835,0,0.0262058492517536,-0.1640459596441095,ns
118.19048592873044,24.522406749546978,0,0.0357678516325589,-0.192599707891744,ns
118.18890105983644,24.514763681173793,0,0.0452146224750827,-0.2176138712409586,ns
118.12845219955848,24.47821117287263,0,0.0628462603515749,-0.2589609614660011,LH
118.15787174650956,24.497203244756182,0,0.0552551557724963,-0.2418405592904889,ns
118.18210714688716,24.48495659647228,0,0.1570495932363588,-0.4316357380332946,LH
118.08776648878302,24.456451502164608,0,0.0764806156839272,-0.2877747464500499,ns
118.12870726365718,24.548892360099625,0,0.043239985312305,-0.2125892307632869,ns
118.1403658195537,24.49043721512874,0,0.0392753590651053,-0.2021904399268179,ns
118.18455509356322,24.473757421160308,0,0.3087231152760932,-0.6682801424496024,ns
118.14642997582943,24.509870261546283,0,0.0841934718825045,-0.3032056864274212,ns
118.07830930392646,24.448408718253447,0,0.0880864202156202,-0.3107975874073692,ns
118.14364864047892,24.494641120530712,0,0.077770405726851,-0.2903940107881776,ns
118.18408113754067,24.496544235086887,0,0.1670535573319171,-0.4478363331985495,LH
118.16711329956468,24.464369834901454,0,0.0256058386409154,-0.1621071481980032,ns
118.12983561623766,24.536448025678947,0,0.162185084107795,-0.4399784558651725,ns
118.07850584104776,24.469142677577985,0,0.2179301354393739,-0.5278808029141709,ns
118.12658974411292,24.52610268720725,0,0.0599734883804053,-0.2525861911978406,ns
118.15789889576548,24.5079302448923,0,0.0770824381550835,-0.2889989511058042,ns
118.11131286013102,24.539262836237892,0,0.0395058476142198,-0.2028071815033526,ns
118.16180168758814,24.46589781047952,0,0.0392652809222405,-0.2021634366490299,ns
118.0999149422007,24.511049500632783,0,0.4546821704051987,-0.9131226455046928,LL
118.164604124103,24.492546085707065,0,0.1380307532171123,-0.4001677111562353,ns
118.1000336384944,24.54166324939519,0,0.0179772406349425,-0.1353009167734894,ns
118.10193294188174,24.549112586630233,0,0.0185003011711417,-0.1372917098717606,ns
118.16609092915591,24.49653069739849,0,0.0925887910357255,-0.3194310557507149,ns
118.10271561798568,24.462319396128574,0,0.0433787432541945,-0.212945501205665,ns
118.16071375427492,24.537534967196503,0,0.0890014497585815,-0.3125645336572624,ns
118.19342342652332,24.500945850301825,0,0.0335714486093272,-0.1863803679513763,ns
118.13705157036505,24.480862757294062,0,0.073742522586509,-0.2821584958333319,ns
118.10578870371586,24.481455048656834,0,0.0630581257910244,-0.2594264212933363,ns
118.15102916412955,24.50940495018317,0,0.0838530666012831,-0.3025358943047176,ns
118.14862910613348,24.51953938508064,0,0.0858174931784528,-0.3063877933262896,ns
118.09339064398736,24.49250474223943,0,0.1677651337506264,-0.4489809354632953,ns
118.07262012203866,24.474338739188656,0,0.0578365197304252,-0.2477638510362052,LL
118.13240824441236,24.51237691476844,0,0.1566781617327041,-0.4310300614483767,ns
118.09603483267963,24.471119328404775,0,0.26204638564184,-0.595901604621297,ns
118.0782021165289,24.459036534242763,0,0.3839934117181958,-0.7895310387330692,ns
118.13153101038056,24.44756786146321,0,0.0135696896668012,-0.1172875065468674,ns
118.0886441571888,24.493102759706854,0,0.0830123194037456,-0.3008773696089861,ns
118.0732127842542,24.46785243124524,0,0.4241570923501089,-0.8582451453243245,ns
118.18151183608302,24.500985107343705,0,0.0378873069229895,-0.198442137312806,ns
118.0741191183324,24.46875645049358,0,0.2864871004665531,-0.6336531839447296,ns
118.1333250055456,24.519486101946143,0,0.0904385381319998,-0.3153266967720348,ns
118.0992063325634,24.475768795805937,0,0.1514367605408936,-0.4224482822400567,ns
118.15115634183472,24.46366261827279,0,0.0342251877813399,-0.1882499989687129,ns
118.15051552853907,24.517259782284324,0,0.1612873844828401,-0.438524247367735,ns
118.0752396879138,24.479231667592387,0,0.3700335142434023,-0.7664111375837712,ns
118.16219031348166,24.471128833600815,0,0.0451024824747223,-0.21733108144521,ns
118.1518842380045,24.54384524743467,0,0.088559394282573,-0.3117117204840697,ns
118.13962762125918,24.439900834166075,0,0.0192141372439634,-0.1399662559848798,ns
118.10237303580674,24.48875889698289,0,0.2395873577657567,-0.5613158229211473,ns
118.16434564041508,24.480792235489105,0,0.1070555726685552,-0.3462521062144532,ns
118.1041307424429,24.531808681116058,0,0.0634275965937107,-0.2602366437339686,ns
118.12597673197985,24.53314360179634,0,0.2044803503624628,-0.5069910989169933,ns
118.1060881150957,24.502427291723347,0,0.0614626312961108,-0.2559056001582634,ns
118.11477094895814,24.44341362965024,0,0.0839496068685381,-0.3027259499185655,ns
118.1570685657428,24.510199886115657,0,0.1275845667737277,-0.3824171862923084,ns
118.16194873669444,24.50577774364821,0,0.0547785137885279,-0.2407344977099114,ns
118.10532406829914,24.545934628649647,0,0.0257467757688532,-0.1625644202234562,ns
118.11647973056824,24.468069318639085,0,0.0418547378752395,-0.2090049803572957,ns
118.15357329078869,24.500605556381664,0,0.0448828366811262,-0.2167763123059668,ns
118.15314520288786,24.448308752365783,0,0.0136396956373927,-0.1175938330488573,LH
118.13051827620234,24.49686120395173,0,0.1371449941276217,-0.3986768962880814,ns
118.14816668956256,24.473034190868557,0,0.0475888678408313,-0.2235323865771355,ns
118.17515205899691,24.474627056504204,0,0.0577027873295273,-0.247459677659917,ns
118.13608937622858,24.48965758698656,0,0.1143114842987916,-0.3592563268929623,ns
118.14638096298016,24.542691305946768,0,0.077786550932807,-0.2904266944714784,ns
118.18539954458112,24.528333639594504,0,0.3052094187773864,-0.6627839831734782,ns
118.1895226685618,24.48210208637857,0,0.1556566383486356,-0.4293626639603427,ns
118.16190206205628,24.537418812167004,0,0.0720833611912975,-0.2787167270614377,ns
118.18826895171394,24.506889544928995,0,0.068532918618659,-0.2712475712130592,ns
118.09260335749047,24.459631900422153,0,0.0532676606505861,-0.237201923237027,ns
118.11953441869689,24.548450586754875,0,0.2043950802842127,-0.5068582142480093,ns
118.11216095604448,24.511750769641427,0,0.0911795200359822,-0.3167448762191402,ns
118.13481211722268,24.483551349777,0,0.2565599904409379,-0.5874508012695586,ns
118.09409202635948,24.521147632986203,0,0.2464235706889934,-0.5718438702407066,ns
118.18462239593389,24.53393617948601,0,0.3821911981938156,-0.7865263827158593,ns
118.14251745098716,24.4936138794108,0,0.0510678143189605,-0.2319829392641741,ns
118.173101188011,24.464829721094787,0,0.0228804343664839,-0.1530235516583818,ns
118.10568323031026,24.43418263328241,0,0.1725731953805469,-0.456690394648421,ns
118.11253826805542,24.45812419901137,0,0.0241565925939284,-0.1573358791583735,ns
118.12401175374366,24.548995079240267,0,0.1205011554327212,-0.3701501834622108,ns
118.12384206345055,24.48473774580635,0,0.1350509325952499,-0.3951423027203463,LL
118.09000820222008,24.516012736970964,0,0.7189644388400505,-1.599458831793011,ns
118.17153449149822,24.464551311084545,0,0.021529584538577,-0.1483351158286169,ns
118.15691423423472,24.47584762949324,0,0.1859992578226486,-0.4780168494905375,ns
118.09809320966797,24.538414964438843,0,0.0361284131924466,-0.1936042356322607,ns
118.07576100634265,24.47847788665012,0,0.3120667382277091,-0.6735201398989862,ns
118.13321866553687,24.47714896950692,0,0.0623819956590417,-0.2579387928318235,ns
118.16201447887316,24.464016573616306,0,0.0387680750576464,-0.2008274276924057,ns
118.17645559271256,24.53439043166006,0,0.0787125091998931,-0.2922969551519176,ns
118.11842775844676,24.462745172557035,0,0.0275711737784722,-0.1683831832832088,ns
118.11689352376844,24.51548944891969,0,0.5382247799331576,-1.079609089793183,ns
118.09689450770163,24.468752055171276,0,0.1882340296714393,-0.4815414199509882,ns
118.14159378026002,24.481202142011114,0,0.0416946412977561,-0.2085874441296875,ns
118.06321398598296,24.443255854595872,0,0.0693105413707904,-0.2728960490439269,ns
118.12450735513258,24.504041696111273,0,0.5844485270516631,-1.1859345488982385,ns
118.13072940900943,24.52176976125291,0,0.1162256070661977,-0.3626437564273296,ns
118.09493536625754,24.51072743124166,0,0.5217810870919918,-1.0445537503387397,LL
118.1444796612822,24.52934232240737,0,0.063049357596204,-0.2594071703178063,LH
118.15528187172296,24.451258985857212,0,0.01483760321411,-0.1227235651612132,ns
118.10652519876112,24.540199825482713,0,0.0238379093991505,-0.1562691009357917,ns
118.13135155484244,24.51382757440735,0,0.1379841309252683,-0.4000893037483511,ns
118.07484638704052,24.460751598145585,0,0.5878022064486526,-1.1941607006436967,ns
118.12444783931228,24.502127503440143,0,0.5830668407579129,-1.182567538830212,ns
118.1369349439043,24.52751642796056,0,0.1756798963471531,-0.4616502631542603,ns
118.19554077911856,24.479302739388164,0,0.0542059620476063,-0.2394006043073531,ns
118.1485407188034,24.446152430147254,0,0.0126739608724089,-0.1132989501224189,ns
118.10806802841157,24.541192736172697,0,0.0274438058984409,-0.1679828005666627,ns
118.10709044832842,24.52095847439654,0,0.2242383200493588,-0.5376389868413659,ns
118.11420776781026,24.547857975010817,0,0.0883654718169399,-0.3113371298739951,ns
118.1739748381207,24.475572593295414,0,0.0680476982147286,-0.2702152634199798,ns
118.14846393067845,24.513625847195584,0,0.1427998556480814,-0.4081527871042359,ns
118.09773980021498,24.505177379031437,0,0.0644386776095207,-0.2624443213575425,LL
118.10260991732906,24.521214630872045,0,0.1088362999658496,-0.3494685841582473,ns
118.13649150635688,24.492011247115368,0,0.0766251624897474,-0.2880691070723401,ns
118.11394889569806,24.552260452509355,0,0.1029482994186274,-0.3387668076310055,ns
118.16775007066364,24.485308438456325,0,0.2773177810351224,-0.6194627177659265,ns
118.17003505770964,24.542139126609374,0,0.0231798632099819,-0.1540451865457919,ns
118.09910343220932,24.53437840645141,0,0.056665088279592,-0.2450895707060085,ns
118.08681173387274,24.468773331614813,0,0.5050855019001748,-1.0102232586055355,LL
118.11570101220435,24.442870171115953,0,0.079622474097255,-0.2941269580939986,ns
118.1789577851472,24.52405915334247,0,0.0585950308760575,-0.2494836852092284,ns
118.14254958836482,24.476049785366826,0,0.0375833341121623,-0.197613261011078,ns
118.08089167902354,24.463721603915772,0,0.1440538654558679,-0.4102411686624178,ns
118.1612599166168,24.53290220626825,0,0.2413542578107451,-0.5640374883403599,ns
118.0954230337116,24.508490848531423,0,0.2853888763841548,-0.6319513336849372,LL
118.16324653598396,24.466942444578933,0,0.0368472029043015,-0.19559361245353,ns
118.16106908886113,24.50954342697027,0,0.0710260350191831,-0.2765075627426665,ns
118.08739669101917,24.479144437483424,0,0.0842056110491532,-0.3032295536965319,ns
118.0883853783524,24.488338210218213,0,0.1445044129921953,-0.410990391108066,ns
118.09823994718684,24.460549371281235,0,0.0460035518939454,-0.2195949271893825,ns
118.10272387928178,24.432786584301365,0,0.0972300668083665,-0.3281797265887875,ns
118.1665499547142,24.50637850574597,0,0.0784693059561418,-0.2918065279082746,ns
118.1495601513228,24.542764975668096,0,0.096046036005377,-0.325961693854988,ns
118.14827934007188,24.506845153190465,0,0.0476388938232,-0.22365571956926,ns
118.17062015162192,24.50591307674959,0,0.2158479081633813,-0.5246549436236344,ns
118.08759781500808,24.507341305460425,0,0.1713109942373697,-0.4546705545454516,LL
118.1474989244894,24.496194446878448,0,0.0682439202428815,-0.2706330710271819,ns
118.15464001244165,24.454996938865097,0,0.0179351329639298,-0.1351394705300697,ns
118.1663676725596,24.48046121225915,0,0.1410919594716273,-0.4053011148131585,ns
118.10330942138351,24.491121888339432,0,0.1363503410063435,-0.3973372770860289,ns
118.17556409575332,24.477913576078706,0,0.0509674373619415,-0.2317425822855089,ns
118.15993711234758,24.544980798848307,0,0.0376297706692598,-0.1977400756208463,ns
118.1833112081218,24.517052961845696,0,0.0563099389479961,-0.2442743338970247,ns
118.07358795613516,24.460794580115152,0,0.4587616006734608,-0.920659903479046,ns
118.11201624093096,24.469973558743945,0,0.5087132597988103,-1.017581042659718,ns
118.10436187476418,24.54954144133132,0,0.0284475494225334,-0.1711154818376252,ns
118.11163250611774,24.49154855897929,0,0.3038087271954888,-0.6605958411239161,ns
118.14265314014952,24.491193105936656,0,0.0518528685849633,-0.2338560047984125,ns
118.16192069258554,24.53875996967079,0,0.0631364205867024,-0.2595982737987246,ns
118.08431891146614,24.51830548704209,0,0.1604699178379447,-0.4371985207929472,ns
118.16843816360084,24.523768888907547,0,0.031060064251747,-0.1790411038772971,ns
118.0940304612649,24.470042067983307,0,0.1502714617003347,-0.4205311329790592,ns
118.13732883864286,24.506058140321144,0,0.0419834906879287,-0.2093402679904192,ns
118.1524653721232,24.49882963904194,0,0.0415378158612427,-0.2081777628207136,ns
118.12119851092652,24.480652033296646,0,0.1737670827924583,-0.4585983717655271,LL
118.14070935378253,24.518657890308603,0,0.0573406065349193,-0.2466344514414253,ns
118.13939944008904,24.436101110320575,0,0.0255132358943133,-0.1618060663421848,ns
118.10894773634304,24.44000098198604,0,0.0935582644665554,-0.3212707089409053,LH
118.11746945771716,24.54696774863561,0,0.1442002653991579,-0.4104846828184704,ns
118.08822687226544,24.491857014292147,0,0.1249116293985438,-0.3778117675333832,ns
118.13031697483324,24.49936954358693,0,0.1490885716653644,-0.4185814698963472,ns
118.15435611053177,24.517549880876544,0,0.1969245895532567,-0.4951899366729136,ns
118.16917164035442,24.495814318803987,0,0.0716256411956864,-0.2777619119413927,ns
118.1878642847088,24.488630190963455,0,0.6295955789122427,-1.3037452945608787,ns
118.1083898097226,24.532174273649012,0,0.0458155354933808,-0.2191241340437168,ns
118.09068969402404,24.469509133996656,0,0.183280118859201,-0.4737193395366998,ns
118.11399464856136,24.48566683197013,0,0.2668567237759224,-0.6033157276530114,ns
118.16906157152744,24.51301704277818,0,0.0655704972594675,-0.2648993957277425,ns
118.17588753371562,24.50264252896552,0,0.146937618471717,-0.4150267628304258,ns
118.17829577950708,24.526517670537945,0,0.0519197951545286,-0.2340151345900429,ns
118.15311609256044,24.525168736713837,0,0.4622551857069291,-0.9271559301933672,ns
118.08285754619357,24.44740836845656,0,0.0445781844056852,-0.2160049041610449,ns
118.14948016558,24.51264808210075,0,0.1366457273397936,-0.397835475406965,LL
118.18451264867312,24.51341222341179,0,0.1162292948510387,-0.3626502662695234,ns
118.16432476144088,24.45722461166737,0,0.0190746548313341,-0.1394473822382908,ns
118.09047206790008,24.504289256342513,0,0.0988009340790462,-0.3311083696076189,LL
118.09763203899354,24.51376149505681,0,0.5361378724794227,-1.0750874335755527,ns
118.17857305634396,24.50015135533788,0,0.0442317018214312,-0.2151248170275326,ns
118.1051387162098,24.512677816154135,0,0.3130971837678338,-0.6751370350980755,ns
118.1868965317938,24.50773098855226,0,0.0876589244082721,-0.3099698510719559,ns
118.14421615449558,24.50845389893672,0,0.0465707828871781,-0.221010313788989,ns
118.16666956925758,24.475009262007895,0,0.0714849497315803,-0.2774679555925645,LH
118.09205623943907,24.504509291793152,0,0.0848220040057203,-0.3044398362122033,LL
118.18179692571124,24.5213106803997,0,0.0523035340028688,-0.2349258930141834,ns
118.16201281771755,24.472720566626148,0,0.0553283348125403,-0.2420100242917839,ns
118.16506959558303,24.511867494563912,0,0.0603677710477995,-0.2534682802109621,ns
118.15143579181677,24.519113951627524,0,0.0938891405789207,-0.3218970630211342,ns
118.1870579679945,24.533773125827715,0,0.2141263602376162,-0.5219858215029666,ns
118.0803331309485,24.50106447491781,0,0.0575376377672023,-0.2470836488160362,ns
118.14730275476288,24.50393928716103,0,0.0351312235401844,-0.190814999891241,ns
118.15913036184178,24.44971820310558,0,0.0136678038289639,-0.1177166145388013,ns
118.08703205267442,24.52448287469599,0,0.0758180968923547,-0.2864228814278535,ns
118.09213269159152,24.486358603314592,0,0.253439656001068,-0.5826460769201156,ns
118.09977342387896,24.533131219979477,0,0.0678326712948005,-0.2697568747020712,ns
118.10723994644408,24.462243275455513,0,0.0378871577763793,-0.1984417313390274,ns
118.09635782761583,24.470191033636773,0,0.2096926669500495,-0.5151024503082243,ns
118.14691423409889,24.491530742424295,0,0.1019718233963269,-0.3369730050720515,ns
118.10415412635636,24.536553781969623,0,0.0436908431275623,-0.213745044951668,ns
118.12784968515514,24.522718169130112,0,0.1034639853010671,-0.3397118772880296,ns
118.1053098447454,24.496150508600454,0,0.225497125954022,-0.5395839072778483,ns
118.11272067817298,24.54186969961455,0,0.0558472220749949,-0.2432090045192939,ns
118.1197998191398,24.46634240941377,0,0.0332175089105694,-0.185361332089921,ns
118.14489161520837,24.50201747683058,0,0.0252239383152472,-0.1608622060073125,ns
118.13271345040631,24.51131425436438,0,0.1783859213345517,-0.4659575484768554,ns
118.1143999055747,24.513718629913228,0,0.2307847410753592,-0.5477464860187595,ns
118.07838913976518,24.500818692818743,0,0.0642920146252598,-0.2621249432951284,ns
118.0852571259561,24.459296374197468,0,0.1415999405739141,-0.4061501949538232,ns
118.14544252089438,24.44002359603854,0,0.0183707623270086,-0.1368011809821286,ns
118.11477022489986,24.533051519307044,0,0.0396265568352916,-0.2031295460213112,ns
118.1136541915309,24.432069084582253,0,0.2889758723908514,-0.6375123797356848,LL
118.14318542361896,24.539784759362533,0,0.0824688034666269,-0.2998019318626565,ns
118.1612695247289,24.45103568296188,0,0.0128163533605097,-0.1139418483504929,ns
118.12935242979066,24.485959655394304,0,0.1829817507194178,-0.4732471537075289,ns
118.13234560719394,24.48079992754366,0,0.1045662888647569,-0.3417268687350978,ns
118.06111894167104,24.4487543706789,0,0.0651909782965225,-0.2640780483219347,ns
118.10944747199122,24.492251400607337,0,0.3534859020791563,-0.7394299699805382,ns
118.15171118386006,24.51611031687089,0,0.2557378587090316,-0.58618479376371,LL
118.10937891309555,24.430921342645995,0,0.2160634135752025,-0.5249889347778348,ns
118.10991137076498,24.538285888759553,0,0.0322976971665231,-0.1826900487981906,ns
118.0817520374051,24.50427640727809,0,0.0604455290609338,-0.2536419654464866,ns
118.1260227314608,24.490963706862978,0,0.3875047194678744,-0.7954028170225566,ns
118.09482907238366,24.48662189397127,0,0.2912317073504992,-0.6410135172961988,LL
118.15957758859118,24.52643670223658,0,0.1297752088024125,-0.3861714318505851,ns
118.17391555913832,24.50181523860564,0,0.1607573429535062,-0.4376648157144168,ns
118.15982862132904,24.478130460714787,0,0.0890768707815138,-0.3127098861022051,ns
118.11911397782798,24.545392318265467,0,0.0655658693941223,-0.2648893915196478,ns
118.10531024699878,24.517894322642384,0,0.2038385848395926,-0.5059908164595054,ns
118.14931280368008,24.48134819482122,0,0.0929247861953468,-0.3200693849828876,ns
118.1100004013363,24.52385400649778,0,0.1708844451694183,-0.4539873323653665,ns
118.18438012369948,24.500211680327997,0,0.0771862115953233,-0.2892096802769373,ns
118.13936635435336,24.43437766305167,0,0.0272201169659318,-0.1672775669673049,ns
118.08326963505964,24.500406201089728,0,0.0544132527865052,-0.2398842065264072,ns
118.164270551642,24.484770338738816,0,0.0896299980494589,-0.313774556331094,ns
118.0916892181842,24.506941575582996,0,0.1311726092859757,-0.3885570800155685,LL
118.18433570752856,24.48752984220493,0,0.2025537774204714,-0.503987158429237,ns
118.12913788778827,24.48820925344297,0,0.1930783647797256,-0.4891602136858579,LL
118.11167012391844,24.497946567448167,0,0.2265815099635669,-0.5412587847075631,ns
118.1146002204668,24.45598482725256,0,0.0185228625911354,-0.1373769780371899,ns
118.07287732224236,24.470131064243507,0,0.1826642178776976,-0.4727444997850871,ns
118.12079270342171,24.515729947352995,0,0.2772449361022718,-0.6193501393507265,ns
118.17368631857296,24.49519445849035,0,0.0830795033199729,-0.3010101258090688,LH
118.16199823210655,24.480582918615884,0,0.0653738155361878,-0.2644739761944588,ns
118.12361949189832,24.473561410812906,0,0.0745103829407534,-0.2837413445036882,LH
118.14572033672624,24.465913039343345,0,0.0259918895899204,-0.1633569590102869,ns
118.1699399113136,24.468839280141147,0,0.0365671131523655,-0.1948204779089595,ns
118.15047395177017,24.513411543249106,0,0.1619678956858663,-0.4396267819806648,LL
118.12141966128164,24.4424709478553,0,0.065525088007673,-0.264801221005943,ns
118.08302210856176,24.479117572498858,0,0.2213032317489581,-0.5331012390171307,ns
118.08178760766752,24.452926640211317,0,0.1777641301120697,-0.4649688475278842,ns
118.14586186419425,24.475529954498587,0,0.0497148370353462,-0.228726263730654,ns
118.09928548860049,24.520506291181583,0,0.0728153595865967,-0.2802388776603776,ns
118.1861549401466,24.534176346610003,0,0.2773499891321861,-0.6195124945764751,ns
118.10898635942252,24.54341754991073,0,0.0556401884867993,-0.2427311692166462,ns
118.1714336845023,24.470923450774052,0,0.0427375167543601,-0.2112949526004272,ns
118.12929195568007,24.507711632124092,0,0.2107754790959872,-0.5167848310071911,ns
118.10786843986672,24.499874448161865,0,0.1108479099584794,-0.3530821216763578,ns
118.1847375335892,24.498731919534375,0,0.1155702244102377,-0.3614858489157126,ns
118.1069398630038,24.515823841043535,0,0.4295277533218713,-0.8677174967804752,LL
118.14902588227456,24.50540418200381,0,0.040807017802059,-0.2062597240635636,ns
118.1643240416446,24.452858437598127,0,0.0121250199597917,-0.110787366252174,ns
118.15387332294614,24.525854311505675,0,0.59369563626691,-1.2088048256127877,ns
118.1708412192144,24.468201677379927,0,0.0359666975480491,-0.1931542475910353,ns
118.10813145946562,24.485822900905287,0,0.084242527417638,-0.3033021286943579,ns
118.10251201489316,24.514025139318104,0,0.3697233101905997,-0.7659012769795186,LL
118.14429789272768,24.490787602291377,0,0.0670997643908633,-0.2681901951096822,ns
118.10210994620084,24.49436699251856,0,0.0792817784995155,-0.2934427087163495,ns
118.17989107910512,24.515806409737444,0,0.0903709594118482,-0.3151971543314197,ns
118.17000340387096,24.46567422402542,0,0.0231282720545614,-0.1538695994621416,ns
118.1098091189684,24.43882654465663,0,0.1384092340317513,-0.4008039701011281,LH
118.16740865951044,24.470372395715486,0,0.0432562749114455,-0.2126310809843415,ns
118.13658613137451,24.431790478306816,0,0.0418303698674599,-0.2089414727686952,ns
118.15103629022612,24.47493763322978,0,0.122355239566771,-0.3733807327292042,ns
118.14722847926032,24.53514608364496,0,0.2795624263432542,-0.6229328347233939,ns
118.10734708329086,24.463147023359827,0,0.0411706788934933,-0.2072160357980319,ns
118.11916035945524,24.515258839182028,0,0.3827609586692855,-0.7874756304210091,ns
118.1343248589397,24.52346314047023,0,0.0577973658292856,-0.2476748255093191,ns
118.163849423361,24.455555096669332,0,0.0164907542472328,-0.1294884512020835,ns
118.14729330803692,24.523459237124616,0,0.1111684639857387,-0.3536560361646962,ns
118.11325373658228,24.510777210187378,0,0.1033337857839469,-0.3394734134358075,ns
118.16578723404822,24.498770843157672,0,0.0730100146804911,-0.2806426656092937,ns
118.1122868649074,24.54919343742573,0,0.0622769869828774,-0.257707174438176,ns
118.16584479836789,24.466785590732325,0,0.0316970450058033,-0.1809271572873475,ns
118.16172143939971,24.475962195822444,0,0.0595399215134275,-0.2516135043582834,ns
118.17428755006674,24.48423818071531,0,0.465774542871307,-0.9337391845865174,ns
118.09548715012174,24.43681902635613,0,0.0878274667925973,-0.3102963612996807,LH
118.1592309118837,24.48251180527332,0,0.0582995689484649,-0.2488148445511939,ns
118.15020543811406,24.502361634045368,0,0.0405479117554141,-0.2055760892783774,ns
118.11896671002935,24.46774213865624,0,0.0374399185571835,-0.1972211669524206,ns
118.14249642772296,24.5042788083262,0,0.0304185116744142,-0.1771237600077513,ns
118.11023790072804,24.533801677477697,0,0.0347377275050377,-0.1897046760689106,ns
118.17411288726922,24.50305604527852,0,0.1924703196108667,-0.4882054653627097,ns
118.14690583620562,24.55268846939504,0,0.0608235054922871,-0.2544849572189535,ns
118.16118939079432,24.488087891280987,0,0.0585708277183002,-0.2494289479065704,ns
118.1498397020157,24.547923771959564,0,0.0626644775000658,-0.2585610921022054,ns
118.12537764268102,24.426576832402137,0,0.1392077277585175,-0.4021448326424671,ns
118.17867709275926,24.504752416930728,0,0.0933638208308961,-0.3209022672490099,ns
118.12094372445242,24.555815578083124,0,0.173514546628683,-0.4581949917200565,ns
118.1407419141418,24.505679742758403,0,0.0310960627939674,-0.179148155875437,ns
118.09074837059728,24.508601205037344,0,0.4046719254285421,-0.8244671495658862,ns
118.14549665476284,24.445968073997197,0,0.0134277548405135,-0.1166641053570456,ns
118.0818418140468,24.445914174234503,0,0.0780119366458462,-0.2908826917993961,ns
118.13615673334908,24.488374383444647,0,0.1760482702882586,-0.4622373091280955,ns
118.1160543984808,24.53893590488713,0,0.0525153210969374,-0.2354273502372053,ns
118.079028922072,24.491557452173435,0,0.0495858891824437,-0.228413945116762,ns
118.14584876396304,24.50012829961404,0,0.0317917120424676,-0.1812059943154725,ns
118.1932760172655,24.498971047332724,0,0.0312039167159665,-0.1794685557397241,ns
118.11595388542857,24.498524632240617,0,0.095401445072784,-0.3247502781720287,ns
118.16090617641018,24.51089854975803,0,0.0760891169626456,-0.2869764312844284,ns
118.12042102457733,24.48927659786417,0,0.5670803339002543,-1.1445074810959834,ns
118.1055418991494,24.475565763018544,0,0.3534671926349921,-0.7393997026470245,ns
118.108477800893,24.523551397881633,0,0.1918590603056126,-0.4872452369423539,ns
118.1212052881151,24.497651744709938,0,0.2628791745077402,-0.5971848073225526,ns
118.08885041619332,24.470208025506267,0,0.3792617390485227,-0.7816552667190555,ns
118.1426688240637,24.500734794331695,0,0.0372712180056865,-0.1967590943319825,LH
118.0891298025334,24.5251713233913,0,0.1024124768315395,-0.337783188787844,ns
118.09709057573212,24.518448074124727,0,0.2140174075797064,-0.5218168343136542,ns
118.13248786061006,24.43862845711424,0,0.0299315879962486,-0.1756562867275571,ns
118.14221039052102,24.477585993385965,0,0.0354458416581122,-0.1916987750271628,ns
118.1907237437425,24.501705259978603,0,0.0666530445178167,-0.2672319853347065,ns
118.14292797256824,24.503250377459807,0,0.0354518151106234,-0.1917155208529123,ns
118.12287074783995,24.50714766710464,0,0.3859788364405967,-0.7928482576703669,ns
118.08973595760972,24.45995584222896,0,0.0700777387834234,-0.2745154030925093,ns
118.12786327213078,24.499925431667258,0,0.1754810029171833,-0.4613332115507454,ns
118.1597512218348,24.516190827764497,0,0.1466713677335231,-0.4145858849122148,ns
118.093645255887,24.527411876660043,0,0.0826842448759037,-0.3002285272864031,ns
118.1748725411325,24.46412088823691,0,0.0224060706522953,-0.1513922357044109,ns
118.17828501069812,24.528522734220324,0,0.1190176565389426,-0.3675547970081542,ns
118.16110490641516,24.523329666732305,0,0.0558919671593614,-0.2433121807379274,ns
118.10353087182912,24.541713895048733,0,0.0186319974122316,-0.1377887501377761,ns
118.10807615989128,24.490830339139876,0,0.3591038916049958,-0.7485421125906855,ns
118.15705338757424,24.492249930200774,0,0.065034540820017,-0.26373893958766,ns
118.1663021960445,24.52512959811968,0,0.0362778456839558,-0.194019250765393,ns
118.16204269715062,24.455555495797327,0,0.0180643226796243,-0.1356342346989486,ns
118.0858691985654,24.522061438047576,0,0.1264367598587753,-0.3804429176670599,ns
118.13606414391408,24.50556940806548,0,0.0463205397625799,-0.2203868061575424,ns
118.1857182224927,24.52049918081465,0,0.0303642770740124,-0.1769608392262855,ns
118.16226712380764,24.509414672332504,0,0.069299155326563,-0.2728719638645538,ns
118.17728933536053,24.47556216380526,0,0.0558697101188756,-0.2432608632077311,ns
118.11392635266444,24.470457101234857,0,0.1718499493792339,-0.4555333608511899,ns
118.13519208092916,24.49185030418619,0,0.0670619760242702,-0.2681092365475367,ns
118.12110036419384,24.479692656600225,0,0.1480716826963571,-0.4169024802647506,ns
118.1842666575479,24.511882862143388,0,0.1502416059204107,-0.4204819686641681,ns
118.1216966389454,24.484784493620317,0,0.3793895537011503,-0.7818674684131348,LL
118.0963865405531,24.526569864336626,0,0.092351803048245,-0.3189803386725763,ns
118.1095773406873,24.482817287501515,0,0.0760044485318841,-0.2868035785979033,ns
118.16650974593186,24.468807095951576,0,0.0400864980595669,-0.2043539368975593,ns
118.09297291442743,24.53605478547107,0,0.0304233677315423,-0.1771383411866322,ns
118.1028447849922,24.46522961996207,0,0.0971503295105082,-0.3280306443541015,ns
118.09487624758832,24.541848482035924,0,0.0174200401697629,-0.1331498326531629,ns
118.1805536603598,24.524773176705587,0,0.052070284346864,-0.2343726366485298,ns
118.17724711752724,24.46838247244423,0,0.0382025880567036,-0.1992987572714125,ns
118.15423798517826,24.44698792054906,0,0.0135431073582426,-0.1171709914511689,LH
118.10528296769743,24.51002128504744,0,0.2314711982069703,-0.5488054377906229,ns
118.11595139369368,24.43849867454693,0,0.1092942093453511,-0.3502929836002472,ns
118.0870374495964,24.45344816175421,0,0.0504083443181119,-0.2304001575357475,ns
118.10313034422308,24.511037161975405,0,0.2858564120294116,-0.6326757645249061,ns
118.15007114805378,24.518608168066564,0,0.0877523616098502,-0.3101508906752008,ns
118.088191208817,24.48634915979841,0,0.1538557568067098,-0.4264171600321151,ns
118.10984010702828,24.51687333925765,0,0.590687546521541,-1.2012998646751694,ns
118.15145377561024,24.453919958823853,0,0.0157070737117686,-0.1263238807221324,ns
118.1166817056576,24.43115456341807,0,0.1670334971458615,-0.4478040514779575,ns
118.07931528694245,24.4620434833434,0,0.1511432377386891,-0.4219657039276204,LL
118.19428098547765,24.498419695172757,0,0.0289877492168288,-0.172780566301095,ns
118.17484418052832,24.46784715035849,0,0.0351585280584824,-0.1908918386539839,ns
118.14952287906104,24.54486777660485,0,0.0683540298237064,-0.2708673175709351,ns
118.10967161154171,24.481326940005367,0,0.1447386838006247,-0.4113797357904368,ns
118.11203128053891,24.50989324014836,0,0.0989804748423761,-0.3314420949361602,ns
118.14145638358532,24.448699812060536,0,0.0108372058610184,-0.1046706148464014,ns
118.10188506411504,24.52607176532938,0,0.1672854961849943,-0.4482095232541508,ns
118.13823706410628,24.520199392816465,0,0.0796013453334721,-0.2940845548984641,ns
118.1096391902383,24.511842714838952,0,0.1141741446494523,-0.3590126134519295,LL
118.18356375859312,24.504574722456574,0,0.0466665631022507,-0.2212485819148005,ns
118.08471876432844,24.48085126569523,0,0.1503197601929833,-0.4206106625502971,ns
118.14364692182929,24.541605454223458,0,0.075788751595328,-0.2863628998934965,ns
118.16035936619063,24.481568768717526,0,0.0550004978515552,-0.2412501102389092,ns
118.1035790230638,24.49536167764698,0,0.1185236947361708,-0.366688482595484,ns
118.15356917559276,24.50530742880343,0,0.0574834438200407,-0.2469601586654139,ns
118.13273861757966,24.49481971966151,0,0.0833811570303966,-0.3016057161766142,ns
118.14256639704806,24.524942876436036,0,0.0978945539667601,-0.3294204936373691,ns
118.13199518722242,24.43183973155304,0,0.0592043592409533,-0.2508587156239712,ns
118.15213570962332,24.453324046715984,0,0.0157061036519197,-0.1263199175701135,ns
118.11356182048004,24.433841951706032,0,0.2769296124569284,-0.6188628471449267,ns
118.1008395311451,24.50932863128386,0,0.2427654201250238,-0.5662108581331292,ns
118.17452498736722,24.45976174637664,0,0.01551666611022,-0.125543728715483,ns
118.10595913314609,24.551083546621488,0,0.0349488276739782,-0.1903010282202687,ns
118.10989402989306,24.540769067089627,0,0.0367349778963611,-0.1952841501882479,ns
118.14356482286188,24.492842681138363,0,0.051968330670604,-0.2341304827750996,ns
118.14707365820998,24.5285921529131,0,0.1303623465206322,-0.3871746521311572,ns
118.11973927913104,24.544717533409724,0,0.0482078633737045,-0.2250545955340878,ns
118.16183611682878,24.46246818941334,0,0.0368119409077597,-0.1954964219417871,ns
118.1303018384272,24.451786646834655,0,0.0095403575314511,-0.0981440403983624,ns
118.10722690117308,24.486280425431932,0,0.090511630284836,-0.3154667697514562,ns
118.08897234534956,24.438226497330277,0,0.2098370451958015,-0.5153268234638683,ns
118.08810501562492,24.52897776210586,0,0.0309487760966859,-0.178709801455363,ns
118.12271574496596,24.500042695100294,0,0.5455825288049206,-1.0957278922599294,ns
118.15659377925466,24.52167669263093,0,0.1012907767763565,-0.3357185598612876,ns
118.10723473683436,24.527149275755875,0,0.2032857051351555,-0.5051287824832656,ns
118.12568889258284,24.525185325202138,0,0.0632434057659763,-0.2598329626401279,ns
118.10313530332704,24.487097655448917,0,0.2057331063016685,-0.508942666984023,ns
118.16001816511584,24.47928663915638,0,0.0827490542511717,-0.3003567769140832,ns
118.16568733519236,24.478064256544194,0,0.1006799942656564,-0.3345911609217486,ns
118.1682077471166,24.50240901730609,0,0.102341507560553,-0.3376527825976858,ns
118.12760903838758,24.487211281381015,0,0.148166204495566,-0.4170586612810007,LL
118.1017237881881,24.486401176582483,0,0.1632082308870395,-0.4416338248828198,ns
118.08641191073409,24.438044360088885,0,0.2697612622157667,-0.6077953297119305,LH
118.10281253932963,24.53053885098498,0,0.07929950398302,-0.2934783352274317,ns
118.12929809965708,24.505794448055152,0,0.1583188296629265,-0.4337030533339985,ns
118.12385933757491,24.49579810309749,0,0.4678184096011915,-0.937580854792984,ns
118.10873096811412,24.50709779136218,0,0.0624417258628573,-0.258070470549199,ns
118.06992920737656,24.462788374421866,0,0.3853025784522673,-0.7917175316110056,LH
118.12652623525744,24.518157621383494,0,0.1433334411460847,-0.4090419562900788,ns
118.1504297652319,24.451995726121805,0,0.0145240738876032,-0.1214007067521678,ns
118.15169216806603,24.47241523786711,0,0.0591152410512112,-0.2506579685422457,ns
118.12369829449295,24.530784906292944,0,0.1974579865988991,-0.4960248832981969,ns
118.13186343780666,24.53252327128484,0,0.0909894254207936,-0.3163814364808814,ns
118.1258361343753,24.557097568164576,0,0.0834260807317247,-0.3016943472245052,ns
118.11787798319776,24.542902024241386,0,0.0521471875575486,-0.2345551612684247,ns
118.1064202701632,24.494455612198607,0,0.4036590439757627,-0.8227350985021985,ns
118.08634665967227,24.46367637660394,0,0.1915820107742942,-0.4868098746484491,ns
118.12571060911918,24.50162397383227,0,0.439432876448661,-0.885385614070905,ns
118.162597612803,24.52143635977237,0,0.0548548450203398,-0.2409118929094457,ns
118.14131684913336,24.43755732523668,0,0.0233799668320489,-0.1547245153646598,ns
118.08966550705316,24.478122908519204,0,0.0691476471687009,-0.2725513284948039,ns
118.11354319668614,24.475248954187546,0,0.7510425387855919,-1.736879521624653,ns
118.16352571296942,24.464154444985063,0,0.0347699691765253,-0.1897958622431062,ns
118.1758455000368,24.462912678386484,0,0.0205447757529829,-0.1448299594637011,ns
118.12596220659326,24.523004109570497,0,0.0918201410837393,-0.3179677288123664,ns
118.14513761238982,24.509463896594625,0,0.0520743858351471,-0.2343823740966256,ns
118.19166509443588,24.520247939777676,0,0.025748566567326,-0.1625702230630259,ns
118.1864607484246,24.501738837501925,0,0.0708928415747243,-0.2762283753528081,ns
118.15715977997124,24.484832072837,0,0.0839215135550419,-0.3026706517259052,ns
118.16421319411953,24.532664943027275,0,0.061710712067087,-0.2564554304782526,ns
118.1387266554432,24.48609628258412,0,0.1060223339093721,-0.3443779572411886,ns
118.09746308717982,24.459365627849085,0,0.0272410295363981,-0.1673436110888873,ns
118.16499992561504,24.522763681226593,0,0.0396770398178131,-0.2032642376158101,ns
118.12799192457727,24.427534322848636,0,0.10874745173713,-0.3493084987130351,ns
118.1229323350708,24.486346913736273,0,0.2817962513523356,-0.6263884944511489,LL
118.10496328960288,24.494345389398077,0,0.3229103833532356,-0.6905862518523839,ns
118.11251113452626,24.487603294365172,0,0.1841548660365765,-0.4751029594753188,ns
118.1117664494071,24.516680330801652,0,0.6945318294669117,-1.5078672020651909,ns
118.15962725461596,24.521342244627633,0,0.0880561997475408,-0.310739120160291,ns
118.09817905446428,24.464557156120343,0,0.1278260750263022,-0.3828319518527658,ns
118.14221646440345,24.447055704784137,0,0.0125298377349348,-0.1126446921706006,ns
118.18430629131396,24.527695263831585,0,0.233604823200961,-0.5520958990366946,ns
118.08546290625924,24.446450284657217,0,0.0450187234588462,-0.2171196646927546,ns
118.14802120046733,24.539106630716333,0,0.1953740087903729,-0.4927610424037145,ns
118.14567793706722,24.536143790056965,0,0.1547038399190473,-0.4278052389558994,ns
118.14935405235384,24.458666909886873,0,0.0214284643945953,-0.1479787094350756,ns
118.15392317877722,24.502222297949626,0,0.0430850334531321,-0.2121907968117063,ns
118.16180452296682,24.54169996862508,0,0.0438885611614767,-0.2142502880869607,ns
118.18311244870829,24.50193819439575,0,0.0411364288323175,-0.2071261266054425,ns
118.14677292878132,24.44336295412974,0,0.0157608557860116,-0.1265434238620526,ns
118.09307096614629,24.489948199251128,0,0.2954221986848424,-0.6475258117859797,ns
118.09268051263597,24.44197859646842,0,0.0722443270677892,-0.2790519526130993,ns
118.17406514950436,24.463675385891264,0,0.0211702574937602,-0.1470650556298275,ns
118.15862756036208,24.49604436608948,0,0.0949116596532041,-0.3238279262808637,ns
118.09435446505044,24.533168537494973,0,0.0455858341233402,-0.2185478380086681,ns
118.19276304631676,24.524483635658108,0,0.0419479708496438,-0.2092478147725019,ns
118.15509709876775,24.52215672956216,0,0.0858287843254443,-0.306409840886228,ns
118.1580756407752,24.477277897393495,0,0.209315851603896,-0.5145167804247137,ns
118.10305636291008,24.433935774952953,0,0.0997994448911289,-0.332961810683555,ns
118.0987363869426,24.535640821509592,0,0.0451751169336655,-0.2175142822466236,ns
118.1878049264606,24.483059289686377,0,0.1321107094869847,-0.3901547042828212,ns
118.08349413996574,24.471028814959293,0,0.3911845786019591,-0.8015821553389126,ns
118.18361230988036,24.481095760022253,0,0.3188445576362481,-0.6841737205953418,ns
118.18054588924342,24.504305103967926,0,0.0708519387758569,-0.276142598235571,ns
118.19461103347,24.47809423788269,0,0.0596332567886308,-0.2518231391506205,ns
118.08934802794818,24.52428527821479,0,0.1277101601555854,-0.3826329074431094,ns
118.11979497730664,24.528025799454305,0,0.0573642881077389,-0.2466884746725054,ns
118.18315782793452,24.503312839888835,0,0.0411062593654107,-0.2070469022856374,ns
118.15429436558875,24.537627719864982,0,0.1793554915021031,-0.4674980517968074,ns
118.12623649799887,24.48902881737112,0,0.2637846155429294,-0.5985801175999507,ns
118.08821752996457,24.50876486510449,0,0.422941100791436,-0.8561105996714317,ns
118.1312413735587,24.488742573098296,0,0.1566194784610078,-0.4309343402614713,LL
118.12870802560546,24.45463248599432,0,0.007883614367449,-0.0891417949892685,ns
118.16714121264243,24.479228234035727,0,0.1530581903925465,-0.4251101759856843,ns
118.0836221981166,24.51178101571477,0,0.149220340962968,-0.4187988351059141,ns
118.177494543269,24.51538848757337,0,0.1024754382762876,-0.3378988557041557,ns
118.15218454772594,24.54651226687272,0,0.0493689124800969,-0.2278876416420664,ns
118.11708438707466,24.523798961368858,0,0.0866464502430901,-0.3080036953273877,ns
118.1631344698824,24.44983889154042,0,0.0114025593723241,-0.1073968219939054,ns
118.09363454325734,24.459671693599265,0,0.0547197248344283,-0.2405978014766589,ns
118.11879438949036,24.55428205808405,0,0.2789195853685948,-0.6219388060255884,ns
118.11974647994884,24.529372035970113,0,0.0683961093080082,-0.2709567983742448,ns
118.14475613462722,24.55216696316168,0,0.0732099760395576,-0.2810570329291952,ns
118.16020651610546,24.536593034176914,0,0.1528308652664649,-0.4247373701355038,ns
118.12802612228172,24.49060138607193,0,0.2984968477087409,-0.6523115391328134,ns
118.13483339534396,24.528421882649567,0,0.1254990823791812,-0.3788263158467632,ns
118.192396765727,24.506820224851044,0,0.0482046022214931,-0.2250465976484036,ns
118.12730791784224,24.52676328170907,0,0.0589755372507238,-0.2503430253056314,ns
118.07702434843252,24.49741404938658,0,0.078560217164078,-0.291989919414108,ns
118.15603625735842,24.453192298029105,0,0.0156575659104305,-0.1261214689845575,ns
118.16557043867492,24.52752948288725,0,0.0349764199348129,-0.190378856797167,ns
118.13989604531356,24.475714010265353,0,0.0313095732405628,-0.1797819431597901,ns
118.13307263263104,24.501087958393143,0,0.0569876031543571,-0.2458280831033184,ns
118.09353155973206,24.532514836289888,0,0.048810960632515,-0.226529756866015,ns
118.0730249322241,24.453641661889396,0,0.287950824791209,-0.6359224681398139,LH
118.09433142750024,24.48474698244796,0,0.1547312433247522,-0.4278500620655042,LL
118.1216909015718,24.529944503457692,0,0.1142326602988873,-0.3591164622569462,ns
118.1091857367276,24.49980415620773,0,0.1354488331344655,-0.395815031851018,ns
118.11133691848524,24.52238817486512,0,0.2431356603978996,-0.566781033399129,ns
118.10614401090072,24.54842226468751,0,0.0326227305464366,-0.1836378566629402,ns
118.13324447742356,24.431347462746405,0,0.0537086183385981,-0.2382371843939663,ns
118.09842841490745,24.519505987555267,0,0.1441091146526454,-0.4103330745325628,ns
118.09769632058808,24.515195218893577,0,0.432782805951071,-0.8734947631309131,ns
118.07995473936256,24.46015338898148,0,0.2592998377492424,-0.5916704812220259,ns
118.11499210241114,24.527166022383113,0,0.0557712580552041,-0.2430337636932312,ns
118.08050386725394,24.46249792331056,0,0.1387767454521919,-0.401421357393684,LL
118.0951905500332,24.47260469292891,0,0.1939972576016947,-0.4906022499519626,ns
118.14393535858107,24.44397536606449,0,0.0155649658006782,-0.1257420553297875,ns
118.08719370264843,24.465004561454663,0,0.2696272757399335,-0.6075886308669766,ns
118.148909654208,24.449559911760986,0,0.0126038201268285,-0.1129809902685371,ns
118.09432761868048,24.539368857420826,0,0.0245682787505531,-0.15870438557927,ns
118.09668436554318,24.467618251452674,0,0.2228674008076513,-0.5355200190895233,ns
118.11889008045851,24.46953602423928,0,0.0419684218290479,-0.209301049988884,ns
118.11458388203675,24.44121844022003,0,0.1011744089311646,-0.3355039390365711,ns
118.1780965229408,24.475152495446743,0,0.064314145296083,-0.2621731542681482,ns
118.14121158696662,24.52492098673679,0,0.1255371717095494,-0.3788920504280098,ns
118.11879021719018,24.49783482298329,0,0.1875880538571843,-0.480523286203396,ns
118.1529771336752,24.51397766426706,0,0.3315028646714136,-0.704196508706042,ns
118.18774142564752,24.490872579574475,0,0.5316737484443405,-1.0654874961938583,LH
118.14849954908917,24.512448506663468,0,0.1301163735566647,-0.3867545192562502,ns
118.18529802591398,24.49965046516997,0,0.1330351168072725,-0.3917259968146619,ns
118.11097163103184,24.431534904884774,0,0.2446587250799267,-0.5691264183728291,ns
118.17844603433808,24.482600101201697,0,0.1701029772408501,-0.4527347748265271,ns
118.13203397424424,24.53023497512863,0,0.0697990438349434,-0.2739279490531435,ns
118.1383769654677,24.534624007333232,0,0.1238072955481979,-0.3759008451102536,LH
118.11277751785111,24.494194275031617,0,0.3543795162957785,-0.7408762194544095,ns
118.15274642322962,24.49209910120044,0,0.1165451828528532,-0.3632076542068474,ns
118.06907269386174,24.44717592106422,0,0.1011525409734752,-0.3354635981635797,ns
118.1402711523898,24.491985022164968,0,0.0442236491675216,-0.2151043275773121,ns
118.1214999856455,24.430089528720732,0,0.1472716446467267,-0.4155795955686495,ns
118.09382903410706,24.486457652724148,0,0.2550246300276452,-0.5850865381215287,LL
118.11199823399411,24.44304566292626,0,0.0665609717174395,-0.2670341769881587,ns
118.15990481146564,24.467782413775872,0,0.0448743834577194,-0.2167549383556314,ns
118.1280341951629,24.509006591222168,0,0.2163267030512272,-0.5253969427452707,ns
118.163053998905,24.54508744545204,0,0.0305604945480129,-0.1775496547675493,ns
118.10767963250548,24.464403583126323,0,0.0557990448757404,-0.243097876282467,ns
118.0874223809612,24.4800623560887,0,0.1051087759887816,-0.3427159877476485,ns
118.11648606060524,24.54977272238562,0,0.1949342310620785,-0.4920716835756085,ns
118.19383763253468,24.492906624298,0,0.1051093742221796,-0.3427170775943051,LH
118.07603687753362,24.49494433037579,0,0.0864024789323093,-0.3075286948840756,ns
118.1491872664958,24.49631690355078,0,0.073316141840716,-0.281276858107614,ns
118.1523294726884,24.47735139570528,0,0.2030623866914503,-0.5047805131065475,ns
118.0977245796166,24.51718891569163,0,0.2620951696846068,-0.5959767697543199,ns
118.15895954649412,24.5367690660009,0,0.1742978028975599,-0.4594457475591095,ns
118.137002538322,24.436338360850563,0,0.0277827834993249,-0.1690465156333529,ns
118.13872485602012,24.437731996235943,0,0.0243664770618615,-0.1580349030163868,ns
118.18960896804565,24.51677465198641,0,0.0300256904761322,-0.1759407284462632,ns
118.18820492453344,24.53324331827724,0,0.1913059920909321,-0.4863760417620212,ns
118.18817672786562,24.523024610080594,0,0.0409171149268908,-0.2065496348067281,ns
118.1133386175236,24.539286693372716,0,0.0391392689103658,-0.2018255441929807,ns
118.16073170953888,24.545915947820813,0,0.0332506891744652,-0.1854570682296956,ns
118.1280852136581,24.505947375034545,0,0.2183414170602447,-0.5285176701181314,ns
118.07889011661038,24.482516464573692,0,0.4136738376777857,-0.8399615205590678,ns
118.09381446724024,24.46567340010627,0,0.1366165404531666,-0.3977862614410178,ns
118.08502987101464,24.501679548288827,0,0.0517593555654971,-0.2336335171544919,ns
118.11413766856911,24.500540771654737,0,0.0761827462168827,-0.2871674934247655,ns
118.11624696136975,24.54110312439375,0,0.0567473004363721,-0.2452779878197788,ns
118.0746903401858,24.45551052361873,0,0.6923751870792266,-1.5002376711514522,LH
118.11344174989658,24.534383538082388,0,0.0330095113211199,-0.1847602096224611,ns
118.0764933419343,24.495985183541453,0,0.0825848425765758,-0.300031751316798,ns
118.08750234545636,24.472457466857342,0,0.2478779329021153,-0.57408310693229,ns
118.13200375085964,24.496548967817013,0,0.0903588548134894,-0.3151739472954706,ns
118.18232978157572,24.518153290138915,0,0.0731611852445363,-0.2809559667214711,ns
118.09810502259636,24.47804538099324,0,0.1105379570909932,-0.3525266931415288,ns
118.16328846189242,24.54175402372331,0,0.0396926003144787,-0.2033057388070218,ns
118.07741538104456,24.46178766233731,0,0.3141009636721497,-0.6767130288134778,ns
118.14560208560052,24.482486270651144,0,0.0576327405540319,-0.2473002419712111,ns
118.11447535358656,24.469678114183132,0,0.0674437790273382,-0.2689263990272426,ns
118.09234612338186,24.461080031494564,0,0.0697314409375805,-0.2737853137834982,LH
118.10897151529592,24.432450400038945,0,0.2700418299073622,-0.6082281751531353,ns
118.081470350456,24.49972278188946,0,0.0523482384336565,-0.2350318119868543,ns
118.10381797199132,24.43198955763491,0,0.0993328803125134,-0.3320965471041261,ns
118.08195046703858,24.4602261165577,0,0.1697391652856626,-0.4521512701819388,ns
118.09057712625535,24.485682707224136,0,0.1538621102555155,-0.4264275653180732,ns
118.12392342438334,24.533329950226165,0,0.2156768821014123,-0.5243898660814793,ns
118.17167126798748,24.480278910681427,0,0.2774271342311367,-0.6196317221824806,ns
118.19038664870678,24.520555479198624,0,0.0278130212890592,-0.1691411130374423,ns
118.13155972738052,24.49363572279469,0,0.0991485262736587,-0.3317542803991279,ns
118.16178850759852,24.47725004234901,0,0.0702559730232386,-0.2748906245594646,ns
118.1135367757681,24.50767347226805,0,0.1135931564725788,-0.3579806346511194,ns
118.1212780052428,24.483480537626075,0,0.2899560959907941,-0.6390333447964653,LL
118.13937701319624,24.462808905571883,0,0.0146144643867342,-0.1217834744330083,ns
118.08643735958816,24.446858556924273,0,0.0435905354841728,-0.2134883444832176,ns
118.09238428132583,24.533645677526568,0,0.0335074112916228,-0.1861963546850099,ns
118.11552136953222,24.549121689398845,0,0.1589493705357614,-0.4347287236470451,ns
118.11921259998716,24.51194066983771,0,0.2028655883692131,-0.5044735649735193,ns
118.10635262670787,24.4329930543421,0,0.1928166382057289,-0.4887493047501161,ns
118.10583744368402,24.528586023054448,0,0.1678306356293537,-0.4490862497519683,ns
