lon_wgs84,lat_wgs84,case,pred_proba,pearson_residual
118.09561680436344,24.464120109977134,1,0.06253288852548497,3.8718968175307844
118.07422218330612,24.465987337283643,1,0.4335761521933579,1.1429785272249753
118.11831881376408,24.488989158674077,1,0.4569977688958955,1.090043343335242
118.1256938288022,24.49548640824179,1,0.6273867408109626,0.770657633293185
118.09685386570727,24.473876958139066,1,0.24661089727266675,1.7478474907962205
118.07396052182352,24.46296002576291,1,0.37361669832549516,1.2948126887692162
118.0715992583575,24.456078936613626,1,0.3104571980190435,1.4903207487712895
118.07700583692254,24.45582931261105,1,0.6751781003903448,0.6936070156097844
118.10928693039772,24.494351398843445,1,0.4513131190547002,1.1026135092513296
118.0718209427058,24.486488902965103,1,0.1552049732529136,2.3330436141690205
118.08070217048504,24.467320006673912,1,0.35993315396675996,1.333526775457559
118.07167152041032,24.49355212172445,1,0.2044010476080594,1.9729021342732296
118.1060484011212,24.492468156185396,1,0.27545761531216456,1.6218269258636124
118.11717426483136,24.486032579199943,1,0.5312073960047925,0.9394167924835666
118.0745461749342,24.46408872925593,1,0.41291912855684787,1.1923848901892362
118.10540109936784,24.47330276288449,1,0.6943141186084454,0.6635286688451816
118.09757045453364,24.47228581495695,1,0.35433067658452466,1.349897210054423
118.12656563014562,24.52057888292786,1,0.07595261584194933,3.4879941919773794
118.09159889120076,24.49105146041494,1,0.2513549835311073,1.7258149184724074
118.11717226243952,24.486023575870867,1,0.5314433277702775,0.9389718745758349
118.08559553517507,24.516752245150823,1,0.2580684709164652,1.6955649846894634
118.13601703637342,24.49809706789968,1,0.05126042713586565,4.30211878616487
118.0796480397082,24.457609883151523,1,0.5429620260920929,0.917469032825387
118.12540971692958,24.47587298738508,1,0.047375616387912475,4.484183848621169
118.0871347499054,24.46122827224986,1,0.11256389891207128,2.807818183572995
118.10419822691136,24.52424449588279,1,0.2442261313170244,1.7591378411894845
118.11416774724492,24.51573406264058,1,0.40914533813941584,1.2017151315292138
118.1129907584999,24.479061761751407,1,0.5472526814916261,0.9095655317392387
118.07792469185944,24.454067337711805,1,0.48639125719220655,1.0275981741397036
118.07611307405826,24.456757149245227,1,0.5708159132302503,0.8671091508761913
118.10826303649964,24.51782894297668,1,0.31700000105550696,1.467846763796687
118.09940361368425,24.488471850738275,1,0.30147555344021576,1.5221755942100557
118.19045065080306,24.48835586129374,1,0.5836291454795322,0.8446400590855511
118.06867397811494,24.458799458924773,1,0.24613419174918968,1.7500926833610633
118.11210795359491,24.473851199526525,1,0.5154907719077666,0.9694838503621943
118.11622688114798,24.48552760616586,1,0.4638753550610616,1.0750588431330155
118.10106293404942,24.474697143347804,1,0.12271276597494546,2.6737822272811678
118.1154559654314,24.4825404298245,1,0.5739311497099199,0.8616085380695386
118.08962002054643,24.46576455062335,1,0.16858444497755704,2.2207533326254305
118.07384846639518,24.464464389904855,1,0.43900410437115495,1.1304348858995603
118.12227021078095,24.503681521083717,1,0.5183901714606755,0.9638718375584754
118.0679643768207,24.460585573591057,1,0.13207519582981184,2.5634828624420773
118.111773884852,24.44079986598817,1,0.08432256941601371,3.295333240526647
118.10832161346484,24.49682613439636,1,0.3902031820598501,1.2501069612060935
118.10900528055944,24.470853464530254,1,0.7180441407458495,0.6266354940186233
118.08410804107756,24.43881601381482,1,0.2479317088084903,1.7416568904396674
118.08734591032632,24.51512551710335,1,0.5241213009845059,0.9528668706494314
118.06738574127672,24.447831852817327,1,0.08483067654227633,3.2845377807607696
118.0916703893796,24.51231145164989,1,0.6728655937062012,0.6972667419732878
118.1034403874109,24.470108286494423,1,0.4143584074047787,1.1888522358857398
118.0807178801519,24.471326688087164,1,0.22301029201770367,1.8665738614365677
118.11539128849626,24.476726427695535,1,0.7015752232664939,0.6521992833191054
118.07538870127462,24.45186280174748,1,0.18276153378665974,2.1146183811712955
118.09840274694815,24.49021487023244,1,0.31990892827400286,1.4580430808144351
118.09224360997932,24.47084217017431,1,0.08613928396383731,3.2571621223088867
118.08142116995134,24.480043755431215,1,0.2295312878331841,1.832131142564299
118.0951117682034,24.51619598298745,1,0.4907727124946421,1.0186280475408749
118.1516476057078,24.52845212213155,1,0.9190600674501619,0.296762807283032
118.1774921510541,24.511524198433076,1,0.461234012979146,1.080785282516089
118.1817585759033,24.511450978929393,1,0.3661721558153227,1.3156579625776728
118.1245700227932,24.492452585063297,1,0.5805733125520236,0.8499619729735601
118.16803569688996,24.48123506679254,1,0.30466647842367695,1.5107209335828913
118.07009920272458,24.455882402643372,1,0.2965784269269569,1.5400614964594448
118.18594796622952,24.477643426840256,1,0.5265645009429339,0.9482101959352055
118.10995432130478,24.472331358125366,1,0.7173752239561293,0.6276708053739436
118.13476029320758,24.48549128227548,1,0.18227568485448212,2.1180640381101514
118.09089676923692,24.489046214935076,1,0.31135499565250113,1.4872013859920559
118.11321920733089,24.47712763074507,1,0.7501685090132265,0.5770908325788005
118.11304973599684,24.480489041108463,1,0.4728405788704533,1.0558776958784712
118.13942125440812,24.50005164184388,1,0.03126915180116117,5.566004003526497
118.13455865200552,24.516574386190477,1,0.08957469814245986,3.188081996180781
118.12022692404,24.502017043905752,1,0.519665000384549,0.9614138680265816
118.13698516787726,24.53913365997804,1,0.11009359341707742,2.843093504174694
118.08255579630811,24.44236940537048,1,0.14183266836621583,2.4597889838968903
118.08889657050985,24.483080573809534,1,0.09738984965480872,3.0443407351705076
118.16988808734484,24.48494715120981,1,0.5665654821888167,0.8746548153410547
118.07385134474302,24.493930181284412,1,0.14338756583437393,2.4441983184018428
118.11773457945868,24.479631103147383,1,0.5140836876489872,0.972218380764937
118.12770809651153,24.501934891329764,1,0.1560965987064251,2.3251428970728605
118.1007879637974,24.512825719195767,1,0.42262241537072365,1.1688363134248803
118.18565835508348,24.490810999806623,1,0.2044478379109479,1.9726183515745475
118.15169841414226,24.53286871218613,1,0.8825480370337785,0.36480515201762015
118.15340532680447,24.479956573455723,1,0.20247857014286813,1.984639579376227
118.13554445208533,24.478285300508414,1,0.051970277145735176,4.271038245819301
118.10009208015136,24.433747186984327,1,0.07788483706104317,3.440853037974359
118.11521106197073,24.518072267384785,1,0.5923819771965797,0.8295179163149328
118.17033571748456,24.47777984210361,1,0.12277571082301143,2.6730008416461044
118.1392588376649,24.528894093178497,1,0.17392476898671086,2.1793605372936304
118.11805988687814,24.55203163869482,1,0.298475185830941,1.5330891253228525
118.14543043988743,24.53407685548992,1,0.1593901234273633,2.2965004809591516
118.17962652659722,24.50957185892747,1,0.5426395965061702,0.9180652321112532
118.1870586093868,24.47713927956801,1,0.5376119668453981,0.9274037107660279
118.13946507230638,24.50395526096535,1,0.036571164260420855,5.1326355434277655
118.14505191598178,24.515083954156232,1,0.07869706724834982,3.421542609550314
118.10031274557012,24.468730887561588,1,0.29059011988478584,1.5624574325114005
118.15155344293736,24.527538847641143,1,0.855949760748677,0.4102351362427846
118.12816023110054,24.498024923385632,1,0.23247653934769733,1.8170055908145848
118.15583904640852,24.511630669386356,1,0.21829969736520657,1.892315615598684
118.1418207957599,24.497317127813503,1,0.043550527706732414,4.686345514343127
118.09891339373148,24.52809905555969,1,0.083306329639349,3.31721114679167
118.15089263437768,24.48838138007188,1,0.16262788030918748,2.269142383658198
118.120316384157,24.427779035750586,1,0.1062708695369283,2.8999855892572164
118.15576928034451,24.477764534356822,1,0.25089814102696795,1.7279123776482301
118.16671538783604,24.509322711624872,1,0.07045217168936445,3.632358271754611
118.15284651720825,24.52843328063085,1,0.9449520383862638,0.24136024493994518
118.16784283439108,24.472441250360102,1,0.03865283450575101,4.987115786726057
118.10675770270204,24.471054118111528,1,0.7580052210898035,0.5650240054514284
118.15604629614714,24.529371229064452,1,0.9527765484601571,0.22262981923236919
118.09576672790573,24.52202477027755,1,0.1276717722406699,2.61392137141943
118.11723153267754,24.511397283415455,1,0.18678689845833515,2.0865508736810727
118.12613865844014,24.50921188867173,1,0.14977093151744467,2.3826168511242907
118.18689511976235,24.478659245251823,1,0.49918001964592434,1.0016413076517436
118.18973999632335,24.48879973146546,1,0.6616312770565803,0.715133450142588
118.16051702922655,24.534685124795327,1,0.2189270018119916,1.8888442459338588
118.09343648400048,24.43839910521641,1,0.09376199922223663,3.1089068169604523
118.16813041796296,24.488539395058876,1,0.3108130530614928,1.4890829706963458
118.08815344378117,24.440554095057635,1,0.1500308454590759,2.3801882360908535
118.15430375825665,24.53291243401248,1,0.9633721949952382,0.1949882282006449
118.1119731346876,24.440948048541895,1,0.08250869761198591,3.334656559506734
118.11394882919248,24.496403233899738,1,0.13973708044584265,2.481188554940332
118.08554882241413,24.47101947081254,1,0.3186701818817733,1.4622040548603326
118.12120649573852,24.474691896645073,1,0.07224409535872575,3.58356828957762
118.17311637240022,24.482088765273716,1,0.29390632419691315,1.549982144657889
118.14065158556868,24.5335938543192,1,0.0823971538968141,3.3371157487254743
118.14987506800466,24.532230387542487,1,0.7648665589466496,0.5544525217997994
118.12740804805836,24.536627802673543,1,0.15648548643435609,2.3217168196552036
118.17992204178655,24.484163695006533,1,0.18352794449819748,2.1092087402739392
118.17608150369432,24.48551883912804,1,0.42525765965291257,1.1625470103782252
118.12268859849397,24.49429965002008,1,0.6467385834351367,0.7390668407919737
118.15776652069115,24.52984046063014,1,0.8491040199230243,0.4215590203535971
118.15202166118505,24.54039509993039,1,0.08959237982683403,3.1877364299728392
118.17529098931378,24.493366570250885,1,0.09731760604071012,3.0455923820723516
118.12126802302092,24.55245003212232,1,0.3447113902908777,1.3787594195698454
118.18209204872826,24.5303208902891,1,0.4411284043433522,1.1255725864021664
118.09747701237588,24.435785973738582,1,0.07249329641338953,3.576923108143392
118.15278823771972,24.53036639591598,1,0.9831446076906921,0.13093650120128325
118.17801963868442,24.508849815488222,1,0.5409367355301654,0.9212193092842874
118.17453598744818,24.50928641468043,1,0.5485948208039763,0.9071047001331207
118.11037348124614,24.435482758284188,1,0.2632561161177102,1.6728963543618185
118.12706491147296,24.52958358329941,1,0.07519986689936284,3.5068355931104853
118.19194282806392,24.491180779349257,1,0.32316271258207097,1.447209869774068
118.11031284879591,24.526859406764764,1,0.10573813826915204,2.9081481361109964
118.19044508947768,24.49614802255861,1,0.19345740133103945,2.0418365809832277
118.18186339731923,24.531724636394216,1,0.47439089524783906,1.0525997612575877
118.19141802341753,24.485815083631092,1,0.42168809683222,1.1710768464833858
118.15544385925244,24.444218884730724,1,0.005391198689630914,13.582617793771435
118.15714981279832,24.51828693980329,1,0.16927997232033257,2.215259209820603
118.15962892216668,24.46268009885457,1,0.024361231375217875,6.32841434642171
118.17125720340285,24.503565489679556,1,0.20017857056577865,1.9988846185387312
118.1868883511617,24.531887557047064,1,0.32751731904140285,1.4329248583051564
118.18090125945749,24.486505843439687,1,0.1960308200617501,2.0251515180265143
118.1734987798256,24.489823690548032,1,0.23455242516379027,1.8064991512258004
118.17344653124152,24.505636884308945,1,0.3891643851185561,1.2528400586133084
118.17842622852864,24.486327296395963,1,0.2561769708056368,1.7039810753805227
118.19147408605996,24.48672331853177,1,0.526164012985663,0.9489721129579943
118.18633055414077,24.496271989901757,1,0.19010685705387545,2.0640250796307495
118.1794506674036,24.487329329891978,1,0.24333085706309301,1.763414546430131
118.17292412854108,24.50703109626999,1,0.39353998501855586,1.241385458491598
118.17655948985885,24.488300157688673,1,0.25876412178123975,1.692490291164357
118.15505091682998,24.51429256939728,1,0.278052376414716,1.6113487258378087
118.18173504914012,24.48977085538254,1,0.1636394243910215,2.2607513811315325
118.17355367157136,24.49329131655424,1,0.10885790907175671,2.8611688252115832
118.18408048264034,24.478424261032508,1,0.4971709824088307,1.0056741328162713
118.18877132585632,24.495083030549697,1,0.24345384743836485,1.7628257768122355
118.19114393806058,24.492430641165132,1,0.276096284246146,1.6192358925437567
118.17196611722343,24.487468454810188,1,0.44894251029960225,1.1079064466245296
118.19042486817726,24.498636349987365,1,0.14641939674375865,2.4144763856273856
118.15677889169652,24.532390920076885,1,0.9258709049944139,0.2829561454152781
118.1435211000641,24.547175982911185,1,0.0817943857609613,3.3504892144340674
118.1180268935023,24.509439800521378,1,0.17109882946776916,2.201039605151892
118.19214345620854,24.48865672575181,1,0.47763563660527775,1.0457753704994208
118.1502435025639,24.524498151095944,1,0.20027578774529878,1.998277958802422
118.12569482251943,24.495599426082748,1,0.628004233095805,0.7696401461290016
118.08071616160711,24.46741701576612,1,0.3616825157717379,1.328478752513619
118.18633256019628,24.496252990622835,1,0.19031486985085855,2.062631854871762
118.1886279986964,24.495026777288707,1,0.23020059397729825,1.8286709503274692
118.15009758153336,24.520312161378943,0,0.07527553890094367,-0.28531247668701415
118.0847199048194,24.445764339023775,0,0.056375392813337144,-0.24442473989098884
118.1038077824894,24.49426556099665,0,0.17764285493056176,-0.4647759390596994
118.10192146864146,24.471759957254108,0,0.38482468916910256,-0.7909190115831282
118.08750297603422,24.492770536372102,0,0.08208942105387355,-0.29904972598358837
118.15110015246648,24.44393422051943,0,0.014103392377461312,-0.11960411125143534
118.1630577335081,24.482244552442992,0,0.06866217441277264,-0.27152208218602597
118.0753976761829,24.49006273438983,0,0.1454532891464571,-0.41256641353156215
118.14161453965606,24.44597035554926,0,0.01360180431491392,-0.11742812505185232
118.1665854235258,24.523286666995,0,0.03780374923176301,-0.19821458460466668
118.11226256351044,24.436168518234656,0,0.29112415102395844,-0.6408465155958846
118.19094804785176,24.508266925357937,0,0.05122959062107711,-0.23236990319610115
118.17013252884422,24.51029297410704,0,0.12198416563983225,-0.37273532681651944
118.17499408501033,24.49945463907803,0,0.05636880485897328,-0.24440960472027687
118.13787586283216,24.480452642312024,0,0.05642535299689361,-0.24453949483638024
118.12035773677198,24.527058185252912,0,0.05614512011262339,-0.24389527954124546
118.15513219455224,24.543527259203564,0,0.0692299534326173,-0.2727255463285349
118.0919096234476,24.480391086568307,0,0.06629117744550088,-0.2664539331164219
118.07505887245613,24.46767546665843,0,0.3042775066058466,-0.6613279867597213
118.13726117526708,24.519594114470653,0,0.06582146279693254,-0.26544149964280306
118.15141503961485,24.491128677278585,0,0.17230649854930113,-0.45626384487585875
118.07896159061433,24.48924941463395,0,0.04708661592579772,-0.22229107503997375
118.16117143764114,24.527920428939968,0,0.1029553659982962,-0.33877976863301623
118.11371537701248,24.5095467911268,0,0.1478425711728825,-0.4165238137985795
118.16410316368828,24.474654740405025,0,0.04806780778645206,-0.22471090610731845
118.09658837269286,24.513479469354905,0,0.6000767386326137,-1.2249406959050175
118.18379403125044,24.4985912716091,0,0.11850295594919076,-0.36665208722571097
118.1419300548605,24.5180135872293,0,0.06576024667692874,-0.2653093436448721
118.10710675246058,24.525770926814253,0,0.24148892048256224,-0.564244897754634
118.1576627188228,24.540367674272137,0,0.05839814638110033,-0.24903814845052
118.18029961878878,24.491122719608196,0,0.11743809610627866,-0.3647807504254086
118.08681210572846,24.522355287824073,0,0.12580466901663734,-0.3793535376564052
118.1231333875816,24.557052996513672,0,0.13424652156073097,-0.3937806742149784
118.08279700696647,24.49881867276728,0,0.04811665423126181,-0.22483082102337962
118.07821145917605,24.493352407655525,0,0.06214072232624306,-0.2574063812520138
118.18256830016712,24.534810700845647,0,0.2791823371284738,-0.6223450781616533
118.1360998133076,24.49096347019611,0,0.0692244178949151,-0.2727138317695306
118.11493156163657,24.433058671819783,0,0.2821892435152652,-0.6269966878526798
118.07618077337092,24.493908475289036,0,0.0851865855981429,-0.3051541942540316
118.1406672724756,24.5102748482564,0,0.05274452782520862,-0.23596910374485588
118.13687288011398,24.46559267543156,0,0.01622003902034529,-0.12840352942261307
118.18671885445076,24.518593155936156,0,0.03239220845651181,-0.18296608732045136
118.08076130016283,24.45526111727801,0,0.5265541327469679,-1.0545965540508464
118.1420069063027,24.52123903531464,0,0.057374588807015216,-0.24671197014263327
118.18975633998484,24.51968489308431,0,0.026675217766832186,-0.16554844132582516
118.13302396090224,24.486978744778337,0,0.3123763013924207,-0.6740057805200005
118.11478026196758,24.50863091888929,0,0.16182730020782832,-0.4393990754247591
118.15443662851622,24.544381396412565,0,0.060099640382052705,-0.25286867259196355
118.11437571082328,24.530022351571223,0,0.055172203750835466,-0.24164835049100494
118.10950859200264,24.5519524765326,0,0.04472018883875653,-0.2163647536913918
118.19021665588464,24.48065909409489,0,0.17507193857504186,-0.4606809266884413
118.1351502277327,24.53713295944658,0,0.1481561166318847,-0.4170419939574156
118.1062725401414,24.546946215674556,0,0.03016551840344907,-0.17636263791703835
118.15488793158724,24.483422873049296,0,0.10777954616309508,-0.3475618400128899
118.10208770358167,24.466403710818312,0,0.16869946043851114,-0.45048238702663285
118.16123114256293,24.52660683456902,0,0.059795380090277725,-0.25218695914192285
118.1797956296289,24.5318986189219,0,0.2947021332919196,-0.6464059639003578
118.12521441375138,24.545835241197036,0,0.0499711920069516,-0.22934615693616947
118.11472696396088,24.472368127152,0,0.2252790551221921,-0.5392470267892671
118.11503706542084,24.431569440039524,0,0.1919952747934833,-0.4874592544616544
118.1009184732665,24.543120686412585,0,0.015029521534347112,-0.12352673727366056
118.15450769764908,24.518561113183004,0,0.17320574665434685,-0.45770159284777
118.1274170453427,24.50781714899473,0,0.22280071512626692,-0.5354169232418898
118.16522956000576,24.49587680339937,0,0.11759383949586671,-0.36505476327027464
118.10463190276884,24.5353338070633,0,0.04930468467146989,-0.22773166210671955
118.14900855717548,24.47382432208103,0,0.05356914271939607,-0.23791011252045238
118.18708505675032,24.48629977255832,0,0.32477067987359115,-0.6935260222189974
118.09201996246796,24.515144235955535,0,0.7819637262336975,-1.8937773939142717
118.1374977253884,24.52944057192509,0,0.2157716635621989,-0.5245367724882569
118.14242481165496,24.499406439914267,0,0.04093949091368806,-0.20660851425399462
118.11752943757168,24.481864107828933,0,0.5176993061844425,-1.036047931863254
118.1365125600829,24.531051059326195,0,0.18446767871991143,-0.4755974884587318
118.15513174202852,24.45382643840967,0,0.016033748452504087,-0.12765194351476883
118.08472849895136,24.468819556504354,0,0.5774077887874363,-1.1689086562706088
118.0827100503132,24.459288882859948,0,0.2158508288461977,-0.5246594703033155
118.07517901302909,24.485175250775526,0,0.17577515176146824,-0.46180208476182166
118.08854142463224,24.471462716521632,0,0.3031128947293677,-0.6595094026709346
118.18207559748144,24.52602217483926,0,0.09323382333890937,-0.32065579351190415
118.11413465387906,24.488548964158955,0,0.2781573452262165,-0.6207603875070618
118.12848948975208,24.52591010443475,0,0.05649939668987073,-0.2447094912235123
118.13615205482844,24.49531089300903,0,0.04802481194626544,-0.22460531126579555
118.14892462886311,24.516195902304883,0,0.1666256572582412,-0.4471475700010295
118.17942019332487,24.490526685191497,0,0.11097129499724974,-0.3533030895142102
118.14787192885836,24.525621462485915,0,0.12082997002080505,-0.3707241655903516
118.10061657489489,24.47129398058375,0,0.34234737000068133,-0.7214981424595079
118.09471978671894,24.442535706572787,0,0.06544608738542251,-0.26463035775557076
118.08545930863632,24.460213126044763,0,0.1387951597026598,-0.40145228060852184
118.08301449709248,24.514709814017277,0,0.17333213258358762,-0.45790355128227905
118.14549744062133,24.45948620501399,0,0.017635465046359194,-0.13398529000084486
118.10683848996808,24.480153611655624,0,0.11981862298127849,-0.36895727183037763
118.10885382330274,24.43880358500717,0,0.11569705267831445,-0.36171007991970355
118.10663182869978,24.534776749637995,0,0.03967055902566822,-0.2032469506794196
118.17490720552212,24.504336922492612,0,0.2400490771267615,-0.5620270869771933
118.12989927867602,24.47822188223491,0,0.0561325629556061,-0.24386638156466228
118.11076608207432,24.551777969542137,0,0.05170043458372307,-0.23349324511633718
118.14594345134589,24.53931700266506,0,0.13116024163890996,-0.38853599660561455
118.0878075808543,24.442958350335832,0,0.09997219902830087,-0.33328184766651603
118.11231943791672,24.544342824025765,0,0.07568876000724531,-0.2861584521631974
118.12484088164904,24.4732635912642,0,0.0643345803557315,-0.2622176655587088
118.11622702599205,24.496936264573883,0,0.09675051953469062,-0.32728250658840397
118.0800187613091,24.46399642726964,0,0.1645670548225413,-0.44382897321255693
118.0951144963007,24.52540930275231,0,0.10744968473028665,-0.3469654404051112
118.10970789628075,24.53639409094168,0,0.030467922181248316,-0.1772720747092451
118.09211485664224,24.52232693507038,0,0.22030743153916973,-0.5315607141540033
118.16864038526606,24.510803084670886,0,0.08368566540573646,-0.3022061488790656
118.16457260719154,24.49681855826725,0,0.11232068383484453,-0.3557147051666519
118.128407019228,24.55430058656978,0,0.05898032447101515,-0.2503538224507356
118.1352494436264,24.506584077924487,0,0.057680434179367746,-0.24740880753278796
118.14622649319774,24.505910706996993,0,0.039400022879718014,-0.2025242119894985
118.12250135037178,24.524343367844455,0,0.045236145588838504,-0.21766811286451163
118.1485633485436,24.4763977563207,0,0.06666970056698872,-0.2672677575646372
118.10836966048574,24.476279255398047,0,0.42644001795164793,-0.8622626117750385
118.11037279752792,24.469002267126847,0,0.5232775238050404,-1.0476910318125894
118.09139034122592,24.483990362448584,0,0.1263700547846815,-0.38032802743922856
118.07954909239876,24.47861733647733,0,0.4969105598851776,-0.9938400916436647
118.134673509445,24.504300872045206,0,0.04680603494498766,-0.22159516703280502
118.08835523838364,24.446799179028016,0,0.041957664323886014,-0.20927304891503476
118.17729281559626,24.484111038466686,0,0.2780087206501135,-0.6205306443854339
118.13813429866758,24.482331260687353,0,0.0934981826509131,-0.32115689111524776
118.11885776259768,24.499222063812415,0,0.21329088490413736,-0.5206897841584531
118.08057468998354,24.44555456664988,0,0.08677184996324122,-0.3082476563647484
118.06032726038492,24.44189223234325,0,0.05261245521385631,-0.2356570566925714
118.16800665928508,24.51332884373321,0,0.06132818749339107,-0.25560725507199067
118.0605938350062,24.451244250326848,0,0.054353544758962334,-0.23974498803016003
118.15814814498886,24.453547547264098,0,0.015651051870376534,-0.1260948137802951
118.07187427023548,24.45425647099995,0,0.28647203062303794,-0.633629826662991
118.16053987852446,24.448830517659108,0,0.01274059075553163,-0.11360021207504112
118.1020778738642,24.547061673085693,0,0.01722396558801857,-0.13238515732041736
118.12207939929704,24.546541055865916,0,0.08792443787799382,-0.31048411841063767
118.15368913500023,24.477876718883422,0,0.23962707414914902,-0.561377006203502
118.14244669445208,24.48167252050039,0,0.05038486899698657,-0.2303436550552031
118.15514380522282,24.45634733212138,0,0.0211120087966078,-0.14685822632623724
118.0831379424414,24.45839615671696,0,0.21057529742070116,-0.5164738714097332
118.15794143256625,24.537599616807448,0,0.13917998592264877,-0.4020982807724128
118.15000431496658,24.51419737554314,0,0.16687235026168942,-0.4475446988840352
118.09462488802691,24.4750185178034,0,0.1239962316601858,-0.37622812328991795
118.1013833862409,24.470241185335915,0,0.3886293394256248,-0.7972884919915824
118.10848578059613,24.52924077273992,0,0.12260958315397537,-0.3738227815489545
118.16991151771532,24.490107406995513,0,0.3580430277493126,-0.7468177826488878
118.1637078412843,24.481487924122455,0,0.09588124197626854,-0.32565225182007557
118.0947890648226,24.53608789813578,0,0.03299297852428053,-0.1847123562772822
118.18101758585624,24.51841160804816,0,0.06898525998724003,-0.2722073666930686
118.09880305073104,24.50356851262551,0,0.047818071134346905,-0.22409700865728743
118.11265364892888,24.432717685139803,0,0.28076817499400275,-0.6247977997653709
118.0852356977626,24.496701551277543,0,0.04071978853927991,-0.20602978728783924
118.18213170980404,24.513308870009563,0,0.22759591759432143,-0.5428251407674956
118.16431191980286,24.54036373012568,0,0.040585783673853855,-0.2056761306432395
118.09529831110932,24.48924546513008,0,0.4057829912911449,-0.8263696913759094
118.0845250578646,24.500402071118707,0,0.05271568386563727,-0.23590098212565636
118.16511395013605,24.461954221119544,0,0.02752719888649582,-0.1682450434382942
118.10612454767065,24.537482207205553,0,0.03116843052742557,-0.1793631928100197
118.09223296057164,24.43683601210039,0,0.1256648864202802,-0.37911241911511967
118.10936380398766,24.522684167347656,0,0.3311210419744622,-0.7035899429684429
118.10607029050232,24.508635389007665,0,0.10085562218735546,-0.33491557143942047
118.19275650106974,24.494859578964395,0,0.08403724257261308,-0.3028984068148454
118.17599250837056,24.476813813010217,0,0.05345165194496183,-0.23763432096092144
118.13119336512806,24.50886472763525,0,0.12201279422330617,-0.37278514062577084
118.17616170615622,24.47906386325768,0,0.061976822868013724,-0.25704423618236166
118.09360015648922,24.43540197357538,0,0.10884031994831143,-0.3494758263247501
118.11166325584924,24.460517732600728,0,0.03218176185841,-0.1823509404265765
118.11629491962957,24.51627333382453,0,0.5861420556021151,-1.1900790044532654
118.12148005984216,24.544615311229897,0,0.046319844877201206,-0.22038507277619068
118.17792537980924,24.469452971060154,0,0.045270209923717414,-0.21775393771427454
118.11815282045951,24.527440017396945,0,0.051640511330956075,-0.23335051840043616
118.14882288507506,24.50212713020496,0,0.034825123807839406,-0.18995176366794253
118.09778250877666,24.438107399863537,0,0.07315285903255418,-0.28093871707444285
118.13130422089245,24.503877849900263,0,0.08099819937017809,-0.29687901542840406
118.18070731793308,24.513261764050483,0,0.3037867146680224,-0.6605614659820976
118.16682018888724,24.53863279637652,0,0.033343714672519405,-0.1857252497041137
118.16512193261129,24.516343451557177,0,0.04911381637992695,-0.2272676244987468
118.10862220901316,24.525347064066818,0,0.19105674967014838,-0.4859842164577054
118.10329655589769,24.52032630044622,0,0.08871740981202074,-0.3120167365853116
118.11030061414812,24.507928390715172,0,0.06929179382779777,-0.2728563910872559
118.13256044591397,24.529169049883635,0,0.07256952084508919,-0.27972832547496124
118.1228210943962,24.48384081842876,0,0.14755056175932763,-0.41604098813906365
118.16453109712135,24.451073385306746,0,0.01096916732344463,-0.10531298320909231
118.12378057688538,24.55377949876221,0,0.15140477231292343,-0.4223957012368382
118.12181475863744,24.510430580727757,0,0.19280854376261586,-0.48873659527205127
118.15797985818664,24.472067501782547,0,0.06192828729911288,-0.25693692046877475
118.17657466194558,24.539736787913096,0,0.04826495218717355,-0.22519456713435998
118.08763565931132,24.489553731832935,0,0.14810433847303991,-0.41695644101475987
118.09831161772318,24.53302691536446,0,0.073560596513983,-0.28178256107234306
118.10476199739882,24.484385450588675,0,0.06014586214931222,-0.25297211304871037
118.16473374627796,24.541916264273382,0,0.03588660724931671,-0.1929310566878159
118.1312918045974,24.434614259808516,0,0.050791000580158785,-0.23131961494122621
118.078587475917,24.49059004894572,0,0.05176982172109845,-0.23365842674302417
118.15275465118242,24.51951540065575,0,0.139775356216772,-0.4030968123562922
118.11825904530323,24.43856219238204,0,0.10607962226695655,-0.34448202349227597
118.14486253998004,24.517668286537873,0,0.0772829009249393,-0.28940592851233077
118.15560409958714,24.52008527166525,0,0.14318376773245936,-0.40879262332892374
118.16692895303292,24.543457428857057,0,0.02452542899600433,-0.1585624436045334
118.1092975716595,24.535480168681556,0,0.03196161956154809,-0.18170551156352696
118.12689649566126,24.5111483617414,0,0.17345130269957215,-0.4580939541864988
118.15907771626132,24.49049166355982,0,0.08449739402500536,-0.30380286499524417
118.14296379848102,24.521893461463232,0,0.0565089888808262,-0.24473150717812367
118.09654802885866,24.485437283593008,0,0.2110336535538331,-0.517185832517222
118.12475988042036,24.522753915631817,0,0.08656192515795029,-0.3078391832972411
118.084385936189,24.453456689702204,0,0.09392853692990906,-0.3219715902422884
118.15877037136543,24.465910036781302,0,0.04510410283471317,-0.21733516974559772
118.08283835171213,24.49355762147078,0,0.03980953269609147,-0.20361737993350484
118.10891602139291,24.53747764508025,0,0.02935550776663944,-0.17390605410455295
118.15987242583478,24.487143437003024,0,0.04690364144448535,-0.2218374556454276
118.14764010723738,24.543074103950605,0,0.08613925776531377,-0.30701567685136877
118.1560234884388,24.543023949693612,0,0.06296436776415272,-0.25922051582213074
118.12727407842428,24.492963998844843,0,0.32842216036165356,-0.699307278122341
118.13259215941676,24.514457048927383,0,0.11327543440698866,-0.3574155950459657
118.1043827858125,24.519830233009465,0,0.1169063743735995,-0.36384442177301535
118.16124418755872,24.48275573774793,0,0.045572432629126615,-0.21851417675333143
118.13389072901562,24.507492432392333,0,0.11950999487268098,-0.3684172009360854
118.0899979849764,24.51332337745851,0,0.6699195400635787,-1.4246277998167818
118.14478074386368,24.5246282458976,0,0.1036695693686407,-0.3400882103351858
118.10736144976076,24.51456064758193,0,0.31906615436813657,-0.6845227845789414
118.18076775859817,24.481595337520748,0,0.10908983073657104,-0.3499251648335517
118.093407899005,24.47273892028987,0,0.10491064595056776,-0.34235492876696805
118.15296275011734,24.48556105259568,0,0.15408545956005645,-0.4267932910421747
118.1155868862829,24.54237253727109,0,0.06030958600339157,-0.2533382553307302
118.13730657483336,24.48779006922712,0,0.14400011268859067,-0.41015174369612406
118.14683210616668,24.495522467328293,0,0.0631350776702618,-0.259595326892439
118.10078762369857,24.463366688893043,0,0.0582423743422053,-0.24868521320701484
118.10490946166604,24.506424877715848,0,0.0626683643498588,-0.2585696468862955
118.16803448332772,24.458441151589916,0,0.016398144342929317,-0.12911826532256343
118.08465962128592,24.494323383055686,0,0.05018655154263238,-0.22986588449891354
118.1516359311084,24.478106445523444,0,0.19539452786653488,-0.4927932012331422
118.15364398182938,24.483894903971382,0,0.12303444125499952,-0.3745605912300612
118.15102985914363,24.49738306034514,0,0.07370430201486453,-0.282079545595803
118.1490624478463,24.490288643348386,0,0.17103095625656123,-0.45422204211744305
118.16475911022565,24.47715309295421,0,0.07556447420962986,-0.28590418922836214
118.1231357992079,24.52166555423061,0,0.12207368954425288,-0.3728910873111026
118.08628575645692,24.46565165366163,0,0.2824711886003502,-0.6274330719075992
118.10829212557984,24.514829696722444,0,0.38177712347535175,-0.785836894798337
118.14334111544186,24.523520162398572,0,0.07532348685104148,-0.2854107288999603
118.1289059484478,24.42825054943201,0,0.09773631718364174,-0.32912528388917983
118.08769942658432,24.4958386275514,0,0.0533691811943375,-0.237440583137276
118.1742734447238,24.469090121881084,0,0.037978243700019086,-0.1986895341801784
118.16004506517994,24.532727236782367,0,0.4852252214843093,-0.9708744078095065
118.11863211692942,24.44136131723724,0,0.0841566398136878,-0.3031332618931524
118.14056155687722,24.539346061691138,0,0.1043186052107307,-0.3412747123757277
118.17830639961868,24.520407660002675,0,0.053584489854778684,-0.23794611901338322
118.11826812649414,24.48324626317395,0,0.4566931475550759,-0.9168317748902026
118.15001639490993,24.49297584866563,0,0.10828447801500449,-0.34847364693240535
118.11571747529716,24.54445276703559,0,0.058338092884998076,-0.24890212971572112
118.15631228274952,24.5365678985305,0,0.2229777068381111,-0.5356905471301411
118.15628955475049,24.45040111678978,0,0.014580689152862985,-0.12164058253103512
118.1529779697545,24.51208945167643,0,0.23942707576781763,-0.5610689048877957
118.13580039566249,24.561321539638342,0,0.023719186266753456,-0.1558699928844106
118.18328697491448,24.507119059346735,0,0.14435213968076932,-0.41073723811858454
118.10412140598471,24.50835185131717,0,0.13785009320141006,-0.3998638463740545
118.12125758996426,24.48809729741253,0,0.5277275629307903,-1.0570817838971505
118.12800800241212,24.531244797577337,0,0.0986208461603774,-0.33077342275464655
118.17906657911476,24.464519988577056,0,0.025618300740791806,-0.16214762824927345
118.0960783420972,24.539180998625454,0,0.03163275851188063,-0.18073759051536378
118.12832463812198,24.51024239237763,0,0.20097456574006317,-0.5015222988734647
118.15917846649602,24.546888601663795,0,0.0333894078430815,-0.1858568548511861
118.15564143304844,24.50693635797421,0,0.07461434932357783,-0.2839551812738954
118.11144952219348,24.461838644916263,0,0.03687506041193796,-0.19567036531459575
118.11089627346584,24.529772361815123,0,0.07705061823617021,-0.288934314196413
118.15932640746604,24.528311597496348,0,0.39167303313268664,-0.8024043993239599
118.10243604027492,24.52900078207258,0,0.09243670898099264,-0.31914186365833036
118.15376938336593,24.473973339136148,0,0.13423587351612185,-0.393762635666677
118.08844062613804,24.43695245592111,0,0.25344949067468925,-0.5826612193430748
118.15676948145936,24.495053525815234,0,0.05520231419261311,-0.24171813340673598
118.07634219188296,24.467768154066267,0,0.3296112093874442,-0.701193068605492
118.1248829939688,24.506795124480433,0,0.32203363992889894,-0.6892020297928069
118.1009488322678,24.53563956398781,0,0.0537496582944969,-0.23833335641845657
118.17409859073584,24.48514125382565,0,0.48199767595474646,-0.9646207903634019
118.08403442898188,24.49714570708518,0,0.041082245231378156,-0.20698382361753181
118.1706307654135,24.496749328742276,0,0.06999898236997343,-0.27434948627374744
118.1484186901331,24.491935940469222,0,0.12375462620561392,-0.37580958479795107
118.16378313820124,24.54379186902437,0,0.033171070031532024,-0.1852272683722939
118.1524162502798,24.44642080682855,0,0.01272193714283026,-0.1135159476716008
118.11178213456692,24.531070776804672,0,0.04858978694700554,-0.22598967253500513
118.10402014765512,24.54426470830156,0,0.017364524329227582,-0.13293374074035005
118.19454871644048,24.503968294476508,0,0.02491091126546045,-0.1598352847255246
118.14680270160515,24.499484106283877,0,0.04549506895922331,-0.21831977529150484
118.1437896604631,24.50545214252606,0,0.036679853059269886,-0.19513198926927758
118.098440616679,24.536932894854175,0,0.03969404737448514,-0.20330959787909053
118.13405927087616,24.430654061878684,0,0.05171970165530113,-0.23353912121229564
118.1793334564754,24.49320171215636,0,0.07059554388475467,-0.2756044775935893
118.10754225880908,24.4813731228055,0,0.07808312114978277,-0.2910266091314358
118.15656068985784,24.479558502053873,0,0.22301882881214224,-0.5357541183044491
118.187314824422,24.474242351710284,0,0.33759485772554304,-0.7138978331601615
118.14553791583036,24.50321879627307,0,0.03143803351795146,-0.18016232622426828
118.09894738598086,24.493316760328355,0,0.10140755590845353,-0.3359338572190782
118.12781155573404,24.488328146932226,0,0.20253756847157806,-0.5039618710021141
118.13938643844146,24.478115984132533,0,0.04420932086724704,-0.2150678661833084
118.11052830620962,24.547558621632387,0,0.045702964871395316,-0.2188418614216557
118.0872572154034,24.500030520462577,0,0.033119093592538416,-0.18507711847354272
118.137978474073,24.436012197316835,0,0.02620584925175361,-0.1640459596441095
118.19048592873044,24.522406749546978,0,0.035767851632558946,-0.19259970789174405
118.18890105983644,24.514763681173793,0,0.045214622475082754,-0.21761387124095863
118.12845219955848,24.47821117287263,0,0.06284626035157498,-0.2589609614660011
118.15787174650956,24.497203244756182,0,0.05525515577249632,-0.24184055929048892
118.18210714688716,24.48495659647228,0,0.15704959323635884,-0.43163573803329464
118.08776648878302,24.456451502164608,0,0.07648061568392721,-0.2877747464500499
118.12870726365718,24.548892360099625,0,0.04323998531230504,-0.21258923076328698
118.1403658195537,24.49043721512874,0,0.039275359065105334,-0.20219043992681793
118.18455509356322,24.473757421160308,0,0.3087231152760932,-0.6682801424496024
118.14642997582943,24.509870261546283,0,0.08419347188250458,-0.3032056864274212
118.07830930392646,24.448408718253447,0,0.0880864202156202,-0.31079758740736924
118.14364864047892,24.494641120530712,0,0.077770405726851,-0.29039401078817767
118.18408113754067,24.496544235086887,0,0.16705355733191712,-0.4478363331985495
118.16711329956468,24.464369834901454,0,0.025605838640915434,-0.1621071481980032
118.12983561623766,24.536448025678947,0,0.16218508410779503,-0.4399784558651725
118.07850584104776,24.469142677577985,0,0.21793013543937392,-0.5278808029141709
118.12658974411292,24.52610268720725,0,0.059973488380405365,-0.2525861911978406
118.15789889576548,24.5079302448923,0,0.07708243815508359,-0.28899895110580426
118.11131286013102,24.539262836237892,0,0.0395058476142198,-0.20280718150335267
118.16180168758814,24.46589781047952,0,0.03926528092224058,-0.20216343664902994
118.0999149422007,24.511049500632783,0,0.4546821704051987,-0.9131226455046928
118.164604124103,24.492546085707065,0,0.13803075321711233,-0.4001677111562353
118.1000336384944,24.54166324939519,0,0.0179772406349425,-0.13530091677348946
118.10193294188174,24.549112586630233,0,0.01850030117114178,-0.13729170987176062
118.16609092915591,24.49653069739849,0,0.09258879103572557,-0.31943105575071495
118.10271561798568,24.462319396128574,0,0.04337874325419457,-0.21294550120566508
118.16071375427492,24.537534967196503,0,0.08900144975858151,-0.3125645336572624
118.19342342652332,24.500945850301825,0,0.033571448609327204,-0.18638036795137639
118.13705157036505,24.480862757294062,0,0.07374252258650904,-0.2821584958333319
118.10578870371586,24.481455048656834,0,0.06305812579102449,-0.2594264212933363
118.15102916412955,24.50940495018317,0,0.08385306660128312,-0.3025358943047176
118.14862910613348,24.51953938508064,0,0.08581749317845283,-0.3063877933262896
118.09339064398736,24.49250474223943,0,0.1677651337506264,-0.4489809354632953
118.07262012203866,24.474338739188656,0,0.057836519730425286,-0.2477638510362052
118.13240824441236,24.51237691476844,0,0.15667816173270419,-0.4310300614483767
118.09603483267963,24.471119328404775,0,0.26204638564184,-0.595901604621297
118.0782021165289,24.459036534242763,0,0.38399341171819584,-0.7895310387330692
118.13153101038056,24.44756786146321,0,0.013569689666801242,-0.11728750654686747
118.0886441571888,24.493102759706854,0,0.0830123194037456,-0.3008773696089861
118.0732127842542,24.46785243124524,0,0.4241570923501089,-0.8582451453243245
118.18151183608302,24.500985107343705,0,0.037887306922989535,-0.19844213731280602
118.0741191183324,24.46875645049358,0,0.2864871004665531,-0.6336531839447296
118.1333250055456,24.519486101946143,0,0.09043853813199985,-0.3153266967720348
118.0992063325634,24.475768795805937,0,0.15143676054089364,-0.4224482822400567
118.15115634183472,24.46366261827279,0,0.03422518778133999,-0.1882499989687129
118.15051552853907,24.517259782284324,0,0.16128738448284013,-0.43852424736773504
118.0752396879138,24.479231667592387,0,0.37003351424340236,-0.7664111375837712
118.16219031348166,24.471128833600815,0,0.045102482474722316,-0.21733108144521004
118.1518842380045,24.54384524743467,0,0.08855939428257302,-0.31171172048406975
118.13962762125918,24.439900834166075,0,0.01921413724396344,-0.13996625598487983
118.10237303580674,24.48875889698289,0,0.2395873577657567,-0.5613158229211473
118.16434564041508,24.480792235489105,0,0.1070555726685552,-0.3462521062144532
118.1041307424429,24.531808681116058,0,0.06342759659371076,-0.2602366437339686
118.12597673197985,24.53314360179634,0,0.20448035036246281,-0.5069910989169933
118.1060881150957,24.502427291723347,0,0.06146263129611081,-0.2559056001582634
118.11477094895814,24.44341362965024,0,0.08394960686853817,-0.3027259499185655
118.1570685657428,24.510199886115657,0,0.12758456677372773,-0.3824171862923084
118.16194873669444,24.50577774364821,0,0.054778513788527904,-0.2407344977099114
118.10532406829914,24.545934628649647,0,0.02574677576885327,-0.16256442022345627
118.11647973056824,24.468069318639085,0,0.04185473787523952,-0.2090049803572957
118.15357329078869,24.500605556381664,0,0.04488283668112627,-0.2167763123059668
118.15314520288786,24.448308752365783,0,0.013639695637392786,-0.11759383304885739
118.13051827620234,24.49686120395173,0,0.13714499412762177,-0.39867689628808145
118.14816668956256,24.473034190868557,0,0.04758886784083131,-0.22353238657713553
118.17515205899691,24.474627056504204,0,0.05770278732952736,-0.247459677659917
118.13608937622858,24.48965758698656,0,0.11431148429879161,-0.35925632689296233
118.14638096298016,24.542691305946768,0,0.07778655093280701,-0.2904266944714784
118.18539954458112,24.528333639594504,0,0.30520941877738644,-0.6627839831734782
118.1895226685618,24.48210208637857,0,0.1556566383486356,-0.4293626639603427
118.16190206205628,24.537418812167004,0,0.07208336119129757,-0.27871672706143774
118.18826895171394,24.506889544928995,0,0.068532918618659,-0.2712475712130592
118.09260335749047,24.459631900422153,0,0.05326766065058616,-0.23720192323702707
118.11953441869689,24.548450586754875,0,0.20439508028421274,-0.5068582142480093
118.11216095604448,24.511750769641427,0,0.09117952003598227,-0.3167448762191402
118.13481211722268,24.483551349777,0,0.25655999044093797,-0.5874508012695586
118.09409202635948,24.521147632986203,0,0.24642357068899348,-0.5718438702407066
118.18462239593389,24.53393617948601,0,0.3821911981938156,-0.7865263827158593
118.14251745098716,24.4936138794108,0,0.05106781431896056,-0.23198293926417415
118.173101188011,24.464829721094787,0,0.02288043436648392,-0.15302355165838188
118.10568323031026,24.43418263328241,0,0.1725731953805469,-0.45669039464842104
118.11253826805542,24.45812419901137,0,0.02415659259392845,-0.15733587915837352
118.12401175374366,24.548995079240267,0,0.12050115543272127,-0.3701501834622108
118.12384206345055,24.48473774580635,0,0.13505093259524995,-0.39514230272034634
118.09000820222008,24.516012736970964,0,0.7189644388400505,-1.599458831793011
118.17153449149822,24.464551311084545,0,0.021529584538577024,-0.14833511582861697
118.15691423423472,24.47584762949324,0,0.1859992578226486,-0.4780168494905375
118.09809320966797,24.538414964438843,0,0.03612841319244662,-0.1936042356322607
118.07576100634265,24.47847788665012,0,0.3120667382277091,-0.6735201398989862
118.13321866553687,24.47714896950692,0,0.062381995659041706,-0.2579387928318235
118.16201447887316,24.464016573616306,0,0.03876807505764645,-0.20082742769240572
118.17645559271256,24.53439043166006,0,0.07871250919989314,-0.29229695515191767
118.11842775844676,24.462745172557035,0,0.027571173778472263,-0.16838318328320886
118.11689352376844,24.51548944891969,0,0.5382247799331576,-1.079609089793183
118.09689450770163,24.468752055171276,0,0.18823402967143932,-0.48154141995098826
118.14159378026002,24.481202142011114,0,0.04169464129775615,-0.20858744412968755
118.06321398598296,24.443255854595872,0,0.0693105413707904,-0.2728960490439269
118.12450735513258,24.504041696111273,0,0.5844485270516631,-1.1859345488982385
118.13072940900943,24.52176976125291,0,0.11622560706619772,-0.36264375642732966
118.09493536625754,24.51072743124166,0,0.5217810870919918,-1.0445537503387397
118.1444796612822,24.52934232240737,0,0.06304935759620404,-0.2594071703178063
118.15528187172296,24.451258985857212,0,0.014837603214110049,-0.12272356516121329
118.10652519876112,24.540199825482713,0,0.02383790939915053,-0.1562691009357917
118.13135155484244,24.51382757440735,0,0.13798413092526834,-0.4000893037483511
118.07484638704052,24.460751598145585,0,0.5878022064486526,-1.1941607006436967
118.12444783931228,24.502127503440143,0,0.5830668407579129,-1.182567538830212
118.1369349439043,24.52751642796056,0,0.1756798963471531,-0.4616502631542603
118.19554077911856,24.479302739388164,0,0.054205962047606304,-0.23940060430735313
118.1485407188034,24.446152430147254,0,0.01267396087240893,-0.11329895012241897
118.10806802841157,24.541192736172697,0,0.027443805898440934,-0.16798280056666276
118.10709044832842,24.52095847439654,0,0.22423832004935887,-0.5376389868413659
118.11420776781026,24.547857975010817,0,0.08836547181693996,-0.3113371298739951
118.1739748381207,24.475572593295414,0,0.06804769821472868,-0.2702152634199798
118.14846393067845,24.513625847195584,0,0.14279985564808143,-0.40815278710423597
118.09773980021498,24.505177379031437,0,0.06443867760952073,-0.2624443213575425
118.10260991732906,24.521214630872045,0,0.10883629996584963,-0.34946858415824733
118.13649150635688,24.492011247115368,0,0.07662516248974743,-0.2880691070723401
118.11394889569806,24.552260452509355,0,0.10294829941862747,-0.3387668076310055
118.16775007066364,24.485308438456325,0,0.2773177810351224,-0.6194627177659265
118.17003505770964,24.542139126609374,0,0.023179863209981992,-0.15404518654579197
118.09910343220932,24.53437840645141,0,0.056665088279592074,-0.2450895707060085
118.08681173387274,24.468773331614813,0,0.5050855019001748,-1.0102232586055357
118.11570101220435,24.442870171115953,0,0.07962247409725508,-0.29412695809399864
118.1789577851472,24.52405915334247,0,0.058595030876057545,-0.24948368520922848
118.14254958836482,24.476049785366826,0,0.03758333411216239,-0.197613261011078
118.08089167902354,24.463721603915772,0,0.14405386545586793,-0.41024116866241783
118.1612599166168,24.53290220626825,0,0.24135425781074518,-0.5640374883403599
118.0954230337116,24.508490848531423,0,0.2853888763841548,-0.6319513336849372
118.16324653598396,24.466942444578933,0,0.036847202904301594,-0.19559361245353007
118.16106908886113,24.50954342697027,0,0.07102603501918311,-0.2765075627426665
118.08739669101917,24.479144437483424,0,0.08420561104915324,-0.3032295536965319
118.0883853783524,24.488338210218213,0,0.14450441299219532,-0.41099039110806607
118.09823994718684,24.460549371281235,0,0.046003551893945484,-0.21959492718938256
118.10272387928178,24.432786584301365,0,0.09723006680836656,-0.3281797265887875
118.1665499547142,24.50637850574597,0,0.07846930595614184,-0.2918065279082746
118.1495601513228,24.542764975668096,0,0.09604603600537706,-0.325961693854988
118.14827934007188,24.506845153190465,0,0.047638893823200086,-0.22365571956926
118.17062015162192,24.50591307674959,0,0.21584790816338137,-0.5246549436236344
118.08759781500808,24.507341305460425,0,0.1713109942373697,-0.45467055454545163
118.1474989244894,24.496194446878448,0,0.06824392024288158,-0.2706330710271819
118.15464001244165,24.454996938865097,0,0.017935132963929873,-0.13513947053006972
118.1663676725596,24.48046121225915,0,0.14109195947162734,-0.40530111481315856
118.10330942138351,24.491121888339432,0,0.13635034100634352,-0.3973372770860289
118.17556409575332,24.477913576078706,0,0.050967437361941585,-0.23174258228550895
118.15993711234758,24.544980798848307,0,0.0376297706692598,-0.1977400756208463
118.1833112081218,24.517052961845696,0,0.05630993894799615,-0.24427433389702477
118.07358795613516,24.460794580115152,0,0.45876160067346083,-0.9206599034790459
118.11201624093096,24.469973558743945,0,0.5087132597988103,-1.017581042659718
118.10436187476418,24.54954144133132,0,0.028447549422533403,-0.17111548183762523
118.11163250611774,24.49154855897929,0,0.3038087271954888,-0.6605958411239161
118.14265314014952,24.491193105936656,0,0.05185286858496337,-0.2338560047984125
118.16192069258554,24.53875996967079,0,0.06313642058670245,-0.25959827379872463
118.08431891146614,24.51830548704209,0,0.16046991783794473,-0.43719852079294724
118.16843816360084,24.523768888907547,0,0.031060064251747,-0.17904110387729713
118.0940304612649,24.470042067983307,0,0.15027146170033479,-0.42053113297905925
118.13732883864286,24.506058140321144,0,0.041983490687928775,-0.2093402679904192
118.1524653721232,24.49882963904194,0,0.041537815861242736,-0.2081777628207136
118.12119851092652,24.480652033296646,0,0.17376708279245834,-0.45859837176552715
118.14070935378253,24.518657890308603,0,0.057340606534919326,-0.24663445144142532
118.13939944008904,24.436101110320575,0,0.02551323589431337,-0.16180606634218483
118.10894773634304,24.44000098198604,0,0.09355826446655549,-0.32127070894090537
118.11746945771716,24.54696774863561,0,0.14420026539915795,-0.4104846828184704
118.08822687226544,24.491857014292147,0,0.12491162939854386,-0.37781176753338325
118.13031697483324,24.49936954358693,0,0.14908857166536446,-0.41858146989634726
118.15435611053177,24.517549880876544,0,0.19692458955325678,-0.4951899366729136
118.16917164035442,24.495814318803987,0,0.07162564119568643,-0.27776191194139277
118.1878642847088,24.488630190963455,0,0.6295955789122427,-1.3037452945608787
118.1083898097226,24.532174273649012,0,0.0458155354933808,-0.2191241340437168
118.09068969402404,24.469509133996656,0,0.18328011885920104,-0.47371933953669987
118.11399464856136,24.48566683197013,0,0.26685672377592246,-0.6033157276530114
118.16906157152744,24.51301704277818,0,0.06557049725946756,-0.26489939572774257
118.17588753371562,24.50264252896552,0,0.14693761847171705,-0.41502676283042583
118.17829577950708,24.526517670537945,0,0.05191979515452868,-0.23401513459004292
118.15311609256044,24.525168736713837,0,0.4622551857069291,-0.9271559301933673
118.08285754619357,24.44740836845656,0,0.044578184405685214,-0.21600490416104495
118.14948016558,24.51264808210075,0,0.13664572733979363,-0.397835475406965
118.18451264867312,24.51341222341179,0,0.11622929485103875,-0.3626502662695234
118.16432476144088,24.45722461166737,0,0.019074654831334165,-0.13944738223829084
118.09047206790008,24.504289256342513,0,0.09880093407904628,-0.3311083696076189
118.09763203899354,24.51376149505681,0,0.5361378724794227,-1.0750874335755527
118.17857305634396,24.50015135533788,0,0.04423170182143128,-0.21512481702753267
118.1051387162098,24.512677816154135,0,0.31309718376783385,-0.6751370350980755
118.1868965317938,24.50773098855226,0,0.0876589244082721,-0.30996985107195596
118.14421615449558,24.50845389893672,0,0.04657078288717812,-0.221010313788989
118.16666956925758,24.475009262007895,0,0.07148494973158034,-0.27746795559256454
118.09205623943907,24.504509291793152,0,0.0848220040057203,-0.3044398362122033
118.18179692571124,24.5213106803997,0,0.05230353400286887,-0.2349258930141834
118.16201281771755,24.472720566626148,0,0.05532833481254038,-0.24201002429178392
118.16506959558303,24.511867494563912,0,0.06036777104779953,-0.2534682802109621
118.15143579181677,24.519113951627524,0,0.09388914057892071,-0.32189706302113424
118.1870579679945,24.533773125827715,0,0.21412636023761628,-0.5219858215029666
118.0803331309485,24.50106447491781,0,0.05753763776720234,-0.24708364881603623
118.14730275476288,24.50393928716103,0,0.035131223540184456,-0.19081499989124104
118.15913036184178,24.44971820310558,0,0.01366780382896398,-0.11771661453880135
118.08703205267442,24.52448287469599,0,0.07581809689235476,-0.28642288142785355
118.09213269159152,24.486358603314592,0,0.25343965600106805,-0.5826460769201156
118.09977342387896,24.533131219979477,0,0.06783267129480051,-0.2697568747020712
118.10723994644408,24.462243275455513,0,0.03788715777637936,-0.19844173133902748
118.09635782761583,24.470191033636773,0,0.20969266695004954,-0.5151024503082243
118.14691423409889,24.491530742424295,0,0.10197182339632695,-0.3369730050720515
118.10415412635636,24.536553781969623,0,0.043690843127562315,-0.21374504495166805
118.12784968515514,24.522718169130112,0,0.10346398530106712,-0.3397118772880296
118.1053098447454,24.496150508600454,0,0.225497125954022,-0.5395839072778483
118.11272067817298,24.54186969961455,0,0.05584722207499496,-0.24320900451929392
118.1197998191398,24.46634240941377,0,0.03321750891056943,-0.18536133208992103
118.14489161520837,24.50201747683058,0,0.025223938315247257,-0.1608622060073125
118.13271345040631,24.51131425436438,0,0.17838592133455178,-0.46595754847685544
118.1143999055747,24.513718629913228,0,0.2307847410753592,-0.5477464860187595
118.07838913976518,24.500818692818743,0,0.0642920146252598,-0.2621249432951284
118.0852571259561,24.459296374197468,0,0.1415999405739141,-0.4061501949538232
118.14544252089438,24.44002359603854,0,0.018370762327008617,-0.13680118098212868
118.11477022489986,24.533051519307044,0,0.039626556835291635,-0.20312954602131128
118.1136541915309,24.432069084582253,0,0.2889758723908514,-0.6375123797356848
118.14318542361896,24.539784759362533,0,0.0824688034666269,-0.2998019318626565
118.1612695247289,24.45103568296188,0,0.012816353360509767,-0.1139418483504929
118.12935242979066,24.485959655394304,0,0.18298175071941786,-0.47324715370752896
118.13234560719394,24.48079992754366,0,0.10456628886475697,-0.3417268687350978
118.06111894167104,24.4487543706789,0,0.06519097829652258,-0.2640780483219347
118.10944747199122,24.492251400607337,0,0.35348590207915637,-0.7394299699805382
118.15171118386006,24.51611031687089,0,0.25573785870903165,-0.58618479376371
118.10937891309555,24.430921342645995,0,0.21606341357520256,-0.5249889347778348
118.10991137076498,24.538285888759553,0,0.03229769716652315,-0.1826900487981906
118.0817520374051,24.50427640727809,0,0.060445529060933874,-0.2536419654464866
118.1260227314608,24.490963706862978,0,0.3875047194678744,-0.7954028170225566
118.09482907238366,24.48662189397127,0,0.2912317073504992,-0.6410135172961988
118.15957758859118,24.52643670223658,0,0.12977520880241258,-0.3861714318505851
118.17391555913832,24.50181523860564,0,0.16075734295350627,-0.4376648157144168
118.15982862132904,24.478130460714787,0,0.08907687078151383,-0.3127098861022051
118.11911397782798,24.545392318265467,0,0.06556586939412234,-0.2648893915196478
118.10531024699878,24.517894322642384,0,0.20383858483959266,-0.5059908164595054
118.14931280368008,24.48134819482122,0,0.09292478619534687,-0.3200693849828876
118.1100004013363,24.52385400649778,0,0.17088444516941834,-0.4539873323653665
118.18438012369948,24.500211680327997,0,0.07718621159532338,-0.2892096802769373
118.13936635435336,24.43437766305167,0,0.02722011696593185,-0.16727756696730492
118.08326963505964,24.500406201089728,0,0.05441325278650526,-0.23988420652640727
118.164270551642,24.484770338738816,0,0.08962999804945893,-0.313774556331094
118.0916892181842,24.506941575582996,0,0.13117260928597574,-0.38855708001556855
118.18433570752856,24.48752984220493,0,0.20255377742047148,-0.503987158429237
118.12913788778827,24.48820925344297,0,0.19307836477972565,-0.48916021368585794
118.11167012391844,24.497946567448167,0,0.22658150996356693,-0.5412587847075631
118.1146002204668,24.45598482725256,0,0.01852286259113546,-0.1373769780371899
118.07287732224236,24.470131064243507,0,0.18266421787769765,-0.47274449978508715
118.12079270342171,24.515729947352995,0,0.27724493610227186,-0.6193501393507265
118.17368631857296,24.49519445849035,0,0.08307950331997294,-0.3010101258090688
118.16199823210655,24.480582918615884,0,0.06537381553618783,-0.2644739761944588
118.12361949189832,24.473561410812906,0,0.07451038294075345,-0.28374134450368826
118.14572033672624,24.465913039343345,0,0.025991889589920467,-0.16335695901028693
118.1699399113136,24.468839280141147,0,0.036567113152365556,-0.19482047790895957
118.15047395177017,24.513411543249106,0,0.1619678956858663,-0.4396267819806648
118.12141966128164,24.4424709478553,0,0.06552508800767305,-0.264801221005943
118.08302210856176,24.479117572498858,0,0.2213032317489581,-0.5331012390171307
118.08178760766752,24.452926640211317,0,0.17776413011206973,-0.4649688475278842
118.14586186419425,24.475529954498587,0,0.04971483703534627,-0.22872626373065405
118.09928548860049,24.520506291181583,0,0.07281535958659671,-0.2802388776603776
118.1861549401466,24.534176346610003,0,0.27734998913218617,-0.6195124945764751
118.10898635942252,24.54341754991073,0,0.05564018848679933,-0.24273116921664628
118.1714336845023,24.470923450774052,0,0.042737516754360175,-0.21129495260042727
118.12929195568007,24.507711632124092,0,0.21077547909598723,-0.5167848310071911
118.10786843986672,24.499874448161865,0,0.11084790995847948,-0.3530821216763578
118.1847375335892,24.498731919534375,0,0.11557022441023776,-0.36148584891571267
118.1069398630038,24.515823841043535,0,0.4295277533218713,-0.8677174967804752
118.14902588227456,24.50540418200381,0,0.040807017802059,-0.20625972406356366
118.1643240416446,24.452858437598127,0,0.012125019959791799,-0.11078736625217407
118.15387332294614,24.525854311505675,0,0.59369563626691,-1.2088048256127877
118.1708412192144,24.468201677379927,0,0.03596669754804918,-0.1931542475910353
118.10813145946562,24.485822900905287,0,0.08424252741763802,-0.30330212869435796
118.10251201489316,24.514025139318104,0,0.36972331019059973,-0.7659012769795186
118.14429789272768,24.490787602291377,0,0.06709976439086336,-0.2681901951096822
118.10210994620084,24.49436699251856,0,0.07928177849951556,-0.2934427087163495
118.17989107910512,24.515806409737444,0,0.09037095941184826,-0.31519715433141976
118.17000340387096,24.46567422402542,0,0.023128272054561475,-0.15386959946214168
118.1098091189684,24.43882654465663,0,0.13840923403175137,-0.4008039701011281
118.16740865951044,24.470372395715486,0,0.04325627491144555,-0.21263108098434158
118.13658613137451,24.431790478306816,0,0.0418303698674599,-0.2089414727686952
118.15103629022612,24.47493763322978,0,0.12235523956677105,-0.37338073272920425
118.14722847926032,24.53514608364496,0,0.2795624263432542,-0.6229328347233939
118.10734708329086,24.463147023359827,0,0.04117067889349332,-0.2072160357980319
118.11916035945524,24.515258839182028,0,0.38276095866928556,-0.7874756304210091
118.1343248589397,24.52346314047023,0,0.0577973658292856,-0.24767482550931916
118.163849423361,24.455555096669332,0,0.016490754247232838,-0.12948845120208355
118.14729330803692,24.523459237124616,0,0.1111684639857387,-0.35365603616469626
118.11325373658228,24.510777210187378,0,0.10333378578394692,-0.33947341343580756
118.16578723404822,24.498770843157672,0,0.07301001468049112,-0.2806426656092937
118.1122868649074,24.54919343742573,0,0.06227698698287747,-0.257707174438176
118.16584479836789,24.466785590732325,0,0.03169704500580337,-0.18092715728734754
118.16172143939971,24.475962195822444,0,0.059539921513427574,-0.2516135043582834
118.17428755006674,24.48423818071531,0,0.46577454287130704,-0.9337391845865174
118.09548715012174,24.43681902635613,0,0.08782746679259733,-0.31029636129968075
118.1592309118837,24.48251180527332,0,0.058299568948464914,-0.2488148445511939
118.15020543811406,24.502361634045368,0,0.040547911755414175,-0.20557608927837748
118.11896671002935,24.46774213865624,0,0.03743991855718359,-0.19722116695242065
118.14249642772296,24.5042788083262,0,0.03041851167441427,-0.17712376000775137
118.11023790072804,24.533801677477697,0,0.0347377275050377,-0.18970467606891064
118.17411288726922,24.50305604527852,0,0.19247031961086672,-0.4882054653627097
118.14690583620562,24.55268846939504,0,0.06082350549228719,-0.2544849572189535
118.16118939079432,24.488087891280987,0,0.05857082771830026,-0.24942894790657044
118.1498397020157,24.547923771959564,0,0.06266447750006587,-0.25856109210220546
118.12537764268102,24.426576832402137,0,0.13920772775851759,-0.40214483264246714
118.17867709275926,24.504752416930728,0,0.09336382083089616,-0.32090226724900994
118.12094372445242,24.555815578083124,0,0.17351454662868307,-0.4581949917200565
118.1407419141418,24.505679742758403,0,0.031096062793967413,-0.17914815587543703
118.09074837059728,24.508601205037344,0,0.40467192542854213,-0.8244671495658862
118.14549665476284,24.445968073997197,0,0.01342775484051356,-0.11666410535704566
118.0818418140468,24.445914174234503,0,0.07801193664584627,-0.2908826917993961
118.13615673334908,24.488374383444647,0,0.17604827028825865,-0.4622373091280955
118.1160543984808,24.53893590488713,0,0.05251532109693748,-0.23542735023720537
118.079028922072,24.491557452173435,0,0.04958588918244371,-0.228413945116762
118.14584876396304,24.50012829961404,0,0.031791712042467654,-0.18120599431547252
118.1932760172655,24.498971047332724,0,0.03120391671596655,-0.17946855573972417
118.11595388542857,24.498524632240617,0,0.09540144507278403,-0.3247502781720287
118.16090617641018,24.51089854975803,0,0.07608911696264563,-0.28697643128442846
118.12042102457733,24.48927659786417,0,0.5670803339002543,-1.1445074810959834
118.1055418991494,24.475565763018544,0,0.3534671926349921,-0.7393997026470245
118.108477800893,24.523551397881633,0,0.1918590603056126,-0.48724523694235394
118.1212052881151,24.497651744709938,0,0.2628791745077402,-0.5971848073225526
118.08885041619332,24.470208025506267,0,0.37926173904852273,-0.7816552667190555
118.1426688240637,24.500734794331695,0,0.03727121800568658,-0.19675909433198255
118.0891298025334,24.5251713233913,0,0.10241247683153958,-0.337783188787844
118.09709057573212,24.518448074124727,0,0.21401740757970647,-0.5218168343136542
118.13248786061006,24.43862845711424,0,0.029931587996248663,-0.17565628672755718
118.14221039052102,24.477585993385965,0,0.03544584165811228,-0.1916987750271628
118.1907237437425,24.501705259978603,0,0.06665304451781676,-0.2672319853347065
118.14292797256824,24.503250377459807,0,0.03545181511062345,-0.19171552085291235
118.12287074783995,24.50714766710464,0,0.3859788364405967,-0.7928482576703669
118.08973595760972,24.45995584222896,0,0.07007773878342348,-0.2745154030925093
118.12786327213078,24.499925431667258,0,0.17548100291718338,-0.4613332115507454
118.1597512218348,24.516190827764497,0,0.14667136773352318,-0.4145858849122148
118.093645255887,24.527411876660043,0,0.0826842448759037,-0.30022852728640315
118.1748725411325,24.46412088823691,0,0.02240607065229536,-0.15139223570441096
118.17828501069812,24.528522734220324,0,0.11901765653894265,-0.3675547970081542
118.16110490641516,24.523329666732305,0,0.05589196715936146,-0.24331218073792749
118.10353087182912,24.541713895048733,0,0.018631997412231663,-0.1377887501377761
118.10807615989128,24.490830339139876,0,0.35910389160499584,-0.7485421125906855
118.15705338757424,24.492249930200774,0,0.065034540820017,-0.26373893958766
118.1663021960445,24.52512959811968,0,0.03627784568395589,-0.19401925076539303
118.16204269715062,24.455555495797327,0,0.01806432267962431,-0.13563423469894867
118.0858691985654,24.522061438047576,0,0.1264367598587753,-0.38044291766705995
118.13606414391408,24.50556940806548,0,0.046320539762579944,-0.22038680615754244
118.1857182224927,24.52049918081465,0,0.03036427707401249,-0.17696083922628558
118.16226712380764,24.509414672332504,0,0.06929915532656301,-0.2728719638645538
118.17728933536053,24.47556216380526,0,0.05586971011887568,-0.24326086320773116
118.11392635266444,24.470457101234857,0,0.1718499493792339,-0.4555333608511899
118.13519208092916,24.49185030418619,0,0.06706197602427025,-0.26810923654753677
118.12110036419384,24.479692656600225,0,0.14807168269635715,-0.4169024802647506
118.1842666575479,24.511882862143388,0,0.15024160592041078,-0.4204819686641681
118.1216966389454,24.484784493620317,0,0.3793895537011503,-0.7818674684131348
118.0963865405531,24.526569864336626,0,0.09235180304824502,-0.31898033867257636
118.1095773406873,24.482817287501515,0,0.07600444853188412,-0.28680357859790334
118.16650974593186,24.468807095951576,0,0.04008649805956697,-0.20435393689755937
118.09297291442743,24.53605478547107,0,0.03042336773154235,-0.17713834118663221
118.1028447849922,24.46522961996207,0,0.09715032951050827,-0.32803064435410156
118.09487624758832,24.541848482035924,0,0.017420040169762917,-0.1331498326531629
118.1805536603598,24.524773176705587,0,0.05207028434686403,-0.23437263664852986
118.17724711752724,24.46838247244423,0,0.03820258805670367,-0.19929875727141252
118.15423798517826,24.44698792054906,0,0.013543107358242663,-0.11717099145116891
118.10528296769743,24.51002128504744,0,0.23147119820697035,-0.5488054377906229
118.11595139369368,24.43849867454693,0,0.10929420934535117,-0.35029298360024724
118.0870374495964,24.45344816175421,0,0.050408344318111954,-0.23040015753574758
118.10313034422308,24.511037161975405,0,0.2858564120294116,-0.6326757645249061
118.15007114805378,24.518608168066564,0,0.08775236160985024,-0.31015089067520085
118.088191208817,24.48634915979841,0,0.15385575680670985,-0.4264171600321151
118.10984010702828,24.51687333925765,0,0.590687546521541,-1.2012998646751694
118.15145377561024,24.453919958823853,0,0.01570707371176869,-0.1263238807221324
118.1166817056576,24.43115456341807,0,0.16703349714586158,-0.4478040514779575
118.07931528694245,24.4620434833434,0,0.15114323773868915,-0.4219657039276204
118.19428098547765,24.498419695172757,0,0.028987749216828847,-0.17278056630109506
118.17484418052832,24.46784715035849,0,0.035158528058482415,-0.19089183865398393
118.14952287906104,24.54486777660485,0,0.06835402982370646,-0.27086731757093513
118.10967161154171,24.481326940005367,0,0.14473868380062477,-0.4113797357904368
118.11203128053891,24.50989324014836,0,0.09898047484237615,-0.3314420949361602
118.14145638358532,24.448699812060536,0,0.010837205861018492,-0.10467061484640147
118.10188506411504,24.52607176532938,0,0.16728549618499433,-0.44820952325415087
118.13823706410628,24.520199392816465,0,0.07960134533347217,-0.29408455489846413
118.1096391902383,24.511842714838952,0,0.11417414464945239,-0.35901261345192953
118.18356375859312,24.504574722456574,0,0.04666656310225072,-0.22124858191480054
118.08471876432844,24.48085126569523,0,0.15031976019298332,-0.4206106625502971
118.14364692182929,24.541605454223458,0,0.07578875159532801,-0.2863628998934965
118.16035936619063,24.481568768717526,0,0.05500049785155527,-0.24125011023890927
118.1035790230638,24.49536167764698,0,0.1185236947361708,-0.36668848259548403
118.15356917559276,24.50530742880343,0,0.05748344382004075,-0.24696015866541396
118.13273861757966,24.49481971966151,0,0.0833811570303966,-0.30160571617661425
118.14256639704806,24.524942876436036,0,0.09789455396676013,-0.32942049363736914
118.13199518722242,24.43183973155304,0,0.05920435924095336,-0.2508587156239712
118.15213570962332,24.453324046715984,0,0.015706103651919757,-0.12631991757011354
118.11356182048004,24.433841951706032,0,0.2769296124569284,-0.6188628471449267
118.1008395311451,24.50932863128386,0,0.24276542012502383,-0.5662108581331292
118.17452498736722,24.45976174637664,0,0.01551666611022005,-0.125543728715483
118.10595913314609,24.551083546621488,0,0.03494882767397826,-0.19030102822026876
118.10989402989306,24.540769067089627,0,0.03673497789636111,-0.1952841501882479
118.14356482286188,24.492842681138363,0,0.051968330670604086,-0.23413048277509965
118.14707365820998,24.5285921529131,0,0.13036234652063228,-0.38717465213115726
118.11973927913104,24.544717533409724,0,0.04820786337370456,-0.2250545955340878
118.16183611682878,24.46246818941334,0,0.036811940907759765,-0.19549642194178712
118.1303018384272,24.451786646834655,0,0.009540357531451197,-0.09814404039836243
118.10722690117308,24.486280425431932,0,0.09051163028483607,-0.3154667697514562
118.08897234534956,24.438226497330277,0,0.20983704519580157,-0.5153268234638683
118.08810501562492,24.52897776210586,0,0.03094877609668593,-0.17870980145536303
118.12271574496596,24.500042695100294,0,0.5455825288049206,-1.0957278922599294
118.15659377925466,24.52167669263093,0,0.10129077677635658,-0.3357185598612876
118.10723473683436,24.527149275755875,0,0.20328570513515554,-0.5051287824832656
118.12568889258284,24.525185325202138,0,0.06324340576597634,-0.25983296264012795
118.10313530332704,24.487097655448917,0,0.20573310630166852,-0.508942666984023
118.16001816511584,24.47928663915638,0,0.08274905425117171,-0.30035677691408325
118.16568733519236,24.478064256544194,0,0.10067999426565649,-0.3345911609217486
118.1682077471166,24.50240901730609,0,0.102341507560553,-0.33765278259768583
118.12760903838758,24.487211281381015,0,0.148166204495566,-0.4170586612810007
118.1017237881881,24.486401176582483,0,0.16320823088703956,-0.4416338248828198
118.08641191073409,24.438044360088885,0,0.26976126221576674,-0.6077953297119305
118.10281253932963,24.53053885098498,0,0.07929950398302009,-0.2934783352274317
118.12929809965708,24.505794448055152,0,0.15831882966292654,-0.43370305333399856
118.12385933757491,24.49579810309749,0,0.46781840960119153,-0.9375808547929839
118.10873096811412,24.50709779136218,0,0.062441725862857365,-0.25807047054919907
118.06992920737656,24.462788374421866,0,0.38530257845226734,-0.7917175316110056
118.12652623525744,24.518157621383494,0,0.14333344114608476,-0.40904195629007883
118.1504297652319,24.451995726121805,0,0.014524073887603298,-0.12140070675216781
118.15169216806603,24.47241523786711,0,0.05911524105121122,-0.2506579685422457
118.12369829449295,24.530784906292944,0,0.19745798659889913,-0.4960248832981969
118.13186343780666,24.53252327128484,0,0.09098942542079363,-0.3163814364808814
118.1258361343753,24.557097568164576,0,0.08342608073172478,-0.3016943472245052
118.11787798319776,24.542902024241386,0,0.052147187557548685,-0.23455516126842477
118.1064202701632,24.494455612198607,0,0.4036590439757627,-0.8227350985021985
118.08634665967227,24.46367637660394,0,0.19158201077429426,-0.48680987464844916
118.12571060911918,24.50162397383227,0,0.439432876448661,-0.885385614070905
118.162597612803,24.52143635977237,0,0.054854845020339854,-0.24091189290944573
118.14131684913336,24.43755732523668,0,0.02337996683204894,-0.1547245153646598
118.08966550705316,24.478122908519204,0,0.0691476471687009,-0.2725513284948039
118.11354319668614,24.475248954187546,0,0.7510425387855919,-1.736879521624653
118.16352571296942,24.464154444985063,0,0.03476996917652534,-0.18979586224310624
118.1758455000368,24.462912678386484,0,0.020544775752982917,-0.1448299594637011
118.12596220659326,24.523004109570497,0,0.0918201410837393,-0.31796772881236646
118.14513761238982,24.509463896594625,0,0.05207438583514711,-0.23438237409662566
118.19166509443588,24.520247939777676,0,0.025748566567326013,-0.16257022306302593
118.1864607484246,24.501738837501925,0,0.0708928415747243,-0.27622837535280814
118.15715977997124,24.484832072837,0,0.08392151355504199,-0.30267065172590524
118.16421319411953,24.532664943027275,0,0.06171071206708703,-0.2564554304782526
118.1387266554432,24.48609628258412,0,0.10602233390937217,-0.34437795724118864
118.09746308717982,24.459365627849085,0,0.02724102953639814,-0.16734361108888737
118.16499992561504,24.522763681226593,0,0.039677039817813155,-0.20326423761581014
118.12799192457727,24.427534322848636,0,0.10874745173713007,-0.34930849871303515
118.1229323350708,24.486346913736273,0,0.2817962513523356,-0.6263884944511489
118.10496328960288,24.494345389398077,0,0.3229103833532356,-0.6905862518523839
118.11251113452626,24.487603294365172,0,0.18415486603657655,-0.4751029594753188
118.1117664494071,24.516680330801652,0,0.6945318294669117,-1.5078672020651909
118.15962725461596,24.521342244627633,0,0.08805619974754081,-0.31073912016029104
118.09817905446428,24.464557156120343,0,0.12782607502630228,-0.3828319518527658
118.14221646440345,24.447055704784137,0,0.012529837734934832,-0.11264469217060069
118.18430629131396,24.527695263831585,0,0.23360482320096101,-0.5520958990366946
118.08546290625924,24.446450284657217,0,0.045018723458846215,-0.21711966469275468
118.14802120046733,24.539106630716333,0,0.19537400879037295,-0.49276104240371454
118.14567793706722,24.536143790056965,0,0.15470383991904732,-0.4278052389558994
118.14935405235384,24.458666909886873,0,0.021428464394595326,-0.1479787094350756
118.15392317877722,24.502222297949626,0,0.043085033453132165,-0.21219079681170638
118.16180452296682,24.54169996862508,0,0.04388856116147673,-0.21425028808696073
118.18311244870829,24.50193819439575,0,0.041136428832317544,-0.20712612660544255
118.14677292878132,24.44336295412974,0,0.01576085578601169,-0.12654342386205267
118.09307096614629,24.489948199251128,0,0.2954221986848424,-0.6475258117859797
118.09268051263597,24.44197859646842,0,0.07224432706778924,-0.27905195261309934
118.17406514950436,24.463675385891264,0,0.02117025749376024,-0.14706505562982752
118.15862756036208,24.49604436608948,0,0.0949116596532041,-0.3238279262808637
118.09435446505044,24.533168537494973,0,0.04558583412334025,-0.21854783800866814
118.19276304631676,24.524483635658108,0,0.041947970849643856,-0.20924781477250193
118.15509709876775,24.52215672956216,0,0.08582878432544436,-0.306409840886228
118.1580756407752,24.477277897393495,0,0.20931585160389607,-0.5145167804247137
118.10305636291008,24.433935774952953,0,0.0997994448911289,-0.33296181068355507
118.0987363869426,24.535640821509592,0,0.045175116933665535,-0.2175142822466236
118.1878049264606,24.483059289686377,0,0.13211070948698475,-0.39015470428282123
118.08349413996574,24.471028814959293,0,0.39118457860195915,-0.8015821553389126
118.18361230988036,24.481095760022253,0,0.3188445576362481,-0.6841737205953418
118.18054588924342,24.504305103967926,0,0.07085193877585695,-0.276142598235571
118.19461103347,24.47809423788269,0,0.059633256788630816,-0.2518231391506205
118.08934802794818,24.52428527821479,0,0.12771016015558545,-0.38263290744310946
118.11979497730664,24.528025799454305,0,0.05736428810773898,-0.24668847467250546
118.18315782793452,24.503312839888835,0,0.04110625936541073,-0.20704690228563746
118.15429436558875,24.537627719864982,0,0.17935549150210314,-0.4674980517968074
118.12623649799887,24.48902881737112,0,0.2637846155429294,-0.5985801175999507
118.08821752996457,24.50876486510449,0,0.422941100791436,-0.8561105996714317
118.1312413735587,24.488742573098296,0,0.15661947846100788,-0.43093434026147137
118.12870802560546,24.45463248599432,0,0.007883614367449096,-0.08914179498926858
118.16714121264243,24.479228234035727,0,0.15305819039254653,-0.42511017598568435
118.0836221981166,24.51178101571477,0,0.149220340962968,-0.41879883510591415
118.177494543269,24.51538848757337,0,0.10247543827628762,-0.33789885570415573
118.15218454772594,24.54651226687272,0,0.04936891248009692,-0.22788764164206649
118.11708438707466,24.523798961368858,0,0.08664645024309017,-0.3080036953273877
118.1631344698824,24.44983889154042,0,0.01140255937232414,-0.10739682199390543
118.09363454325734,24.459671693599265,0,0.05471972483442836,-0.2405978014766589
118.11879438949036,24.55428205808405,0,0.2789195853685948,-0.6219388060255884
118.11974647994884,24.529372035970113,0,0.06839610930800821,-0.2709567983742448
118.14475613462722,24.55216696316168,0,0.07320997603955764,-0.2810570329291952
118.16020651610546,24.536593034176914,0,0.15283086526646492,-0.4247373701355038
118.12802612228172,24.49060138607193,0,0.29849684770874096,-0.6523115391328134
118.13483339534396,24.528421882649567,0,0.1254990823791812,-0.3788263158467632
118.192396765727,24.506820224851044,0,0.04820460222149316,-0.2250465976484036
118.12730791784224,24.52676328170907,0,0.05897553725072385,-0.2503430253056314
118.07702434843252,24.49741404938658,0,0.078560217164078,-0.291989919414108
118.15603625735842,24.453192298029105,0,0.01565756591043059,-0.12612146898455753
118.16557043867492,24.52752948288725,0,0.03497641993481295,-0.190378856797167
118.13989604531356,24.475714010265353,0,0.03130957324056288,-0.17978194315979013
118.13307263263104,24.501087958393143,0,0.056987603154357185,-0.2458280831033184
118.09353155973206,24.532514836289888,0,0.04881096063251508,-0.22652975686601504
118.0730249322241,24.453641661889396,0,0.287950824791209,-0.6359224681398139
118.09433142750024,24.48474698244796,0,0.15473124332475222,-0.42785006206550424
118.1216909015718,24.529944503457692,0,0.11423266029888739,-0.3591164622569462
118.1091857367276,24.49980415620773,0,0.13544883313446557,-0.395815031851018
118.11133691848524,24.52238817486512,0,0.24313566039789963,-0.566781033399129
118.10614401090072,24.54842226468751,0,0.03262273054643668,-0.1836378566629402
118.13324447742356,24.431347462746405,0,0.05370861833859818,-0.23823718439396638
118.09842841490745,24.519505987555267,0,0.14410911465264545,-0.4103330745325628
118.09769632058808,24.515195218893577,0,0.432782805951071,-0.8734947631309131
118.07995473936256,24.46015338898148,0,0.2592998377492424,-0.5916704812220259
118.11499210241114,24.527166022383113,0,0.05577125805520413,-0.24303376369323124
118.08050386725394,24.46249792331056,0,0.1387767454521919,-0.40142135739368406
118.0951905500332,24.47260469292891,0,0.19399725760169478,-0.49060224995196267
118.14393535858107,24.44397536606449,0,0.015564965800678263,-0.12574205532978758
118.08719370264843,24.465004561454663,0,0.2696272757399335,-0.6075886308669766
118.148909654208,24.449559911760986,0,0.012603820126828516,-0.11298099026853717
118.09432761868048,24.539368857420826,0,0.024568278750553157,-0.15870438557927008
118.09668436554318,24.467618251452674,0,0.22286740080765138,-0.5355200190895233
118.11889008045851,24.46953602423928,0,0.041968421829047954,-0.20930104998888407
118.11458388203675,24.44121844022003,0,0.10117440893116467,-0.3355039390365711
118.1780965229408,24.475152495446743,0,0.06431414529608302,-0.2621731542681482
118.14121158696662,24.52492098673679,0,0.12553717170954945,-0.37889205042800983
118.11879021719018,24.49783482298329,0,0.1875880538571843,-0.48052328620339607
118.1529771336752,24.51397766426706,0,0.33150286467141366,-0.704196508706042
118.18774142564752,24.490872579574475,0,0.5316737484443405,-1.0654874961938583
118.14849954908917,24.512448506663468,0,0.13011637355666472,-0.38675451925625026
118.18529802591398,24.49965046516997,0,0.13303511680727254,-0.39172599681466197
118.11097163103184,24.431534904884774,0,0.24465872507992678,-0.5691264183728291
118.17844603433808,24.482600101201697,0,0.17010297724085013,-0.45273477482652713
118.13203397424424,24.53023497512863,0,0.06979904383494341,-0.27392794905314355
118.1383769654677,24.534624007333232,0,0.12380729554819798,-0.3759008451102536
118.11277751785111,24.494194275031617,0,0.3543795162957785,-0.7408762194544095
118.15274642322962,24.49209910120044,0,0.11654518285285329,-0.3632076542068474
118.06907269386174,24.44717592106422,0,0.1011525409734752,-0.3354635981635797
118.1402711523898,24.491985022164968,0,0.04422364916752163,-0.21510432757731218
118.1214999856455,24.430089528720732,0,0.14727164464672676,-0.4155795955686495
118.09382903410706,24.486457652724148,0,0.25502463002764525,-0.5850865381215287
118.11199823399411,24.44304566292626,0,0.06656097171743952,-0.2670341769881587
118.15990481146564,24.467782413775872,0,0.04487438345771942,-0.21675493835563148
118.1280341951629,24.509006591222168,0,0.2163267030512272,-0.5253969427452707
118.163053998905,24.54508744545204,0,0.03056049454801298,-0.17754965476754933
118.10767963250548,24.464403583126323,0,0.055799044875740465,-0.243097876282467
118.0874223809612,24.4800623560887,0,0.10510877598878166,-0.34271598774764855
118.11648606060524,24.54977272238562,0,0.19493423106207852,-0.49207168357560854
118.19383763253468,24.492906624298,0,0.10510937422217967,-0.34271707759430514
118.07603687753362,24.49494433037579,0,0.08640247893230933,-0.3075286948840756
118.1491872664958,24.49631690355078,0,0.073316141840716,-0.28127685810761405
118.1523294726884,24.47735139570528,0,0.2030623866914503,-0.5047805131065475
118.0977245796166,24.51718891569163,0,0.2620951696846068,-0.5959767697543199
118.15895954649412,24.5367690660009,0,0.1742978028975599,-0.45944574755910955
118.137002538322,24.436338360850563,0,0.02778278349932496,-0.1690465156333529
118.13872485602012,24.437731996235943,0,0.024366477061861513,-0.1580349030163868
118.18960896804565,24.51677465198641,0,0.03002569047613225,-0.17594072844626324
118.18820492453344,24.53324331827724,0,0.1913059920909321,-0.48637604176202126
118.18817672786562,24.523024610080594,0,0.04091711492689087,-0.2065496348067281
118.1133386175236,24.539286693372716,0,0.03913926891036585,-0.20182554419298077
118.16073170953888,24.545915947820813,0,0.03325068917446527,-0.18545706822969568
118.1280852136581,24.505947375034545,0,0.21834141706024474,-0.5285176701181314
118.07889011661038,24.482516464573692,0,0.41367383767778576,-0.8399615205590678
118.09381446724024,24.46567340010627,0,0.13661654045316662,-0.3977862614410178
118.08502987101464,24.501679548288827,0,0.051759355565497184,-0.2336335171544919
118.11413766856911,24.500540771654737,0,0.0761827462168827,-0.2871674934247655
118.11624696136975,24.54110312439375,0,0.05674730043637219,-0.2452779878197788
118.0746903401858,24.45551052361873,0,0.6923751870792266,-1.5002376711514522
118.11344174989658,24.534383538082388,0,0.03300951132111991,-0.18476020962246117
118.0764933419343,24.495985183541453,0,0.08258484257657589,-0.300031751316798
118.08750234545636,24.472457466857342,0,0.2478779329021153,-0.57408310693229
118.13200375085964,24.496548967817013,0,0.09035885481348944,-0.3151739472954706
118.18232978157572,24.518153290138915,0,0.07316118524453635,-0.2809559667214711
118.09810502259636,24.47804538099324,0,0.11053795709099326,-0.35252669314152885
118.16328846189242,24.54175402372331,0,0.03969260031447875,-0.2033057388070218
118.07741538104456,24.46178766233731,0,0.3141009636721497,-0.6767130288134778
118.14560208560052,24.482486270651144,0,0.057632740554031975,-0.2473002419712111
118.11447535358656,24.469678114183132,0,0.06744377902733827,-0.26892639902724264
118.09234612338186,24.461080031494564,0,0.06973144093758059,-0.2737853137834982
118.10897151529592,24.432450400038945,0,0.27004182990736225,-0.6082281751531353
118.081470350456,24.49972278188946,0,0.052348238433656546,-0.2350318119868543
118.10381797199132,24.43198955763491,0,0.09933288031251346,-0.33209654710412617
118.08195046703858,24.4602261165577,0,0.1697391652856626,-0.45215127018193885
118.09057712625535,24.485682707224136,0,0.15386211025551558,-0.42642756531807324
118.12392342438334,24.533329950226165,0,0.2156768821014123,-0.5243898660814793
118.17167126798748,24.480278910681427,0,0.2774271342311367,-0.6196317221824806
118.19038664870678,24.520555479198624,0,0.02781302128905928,-0.1691411130374423
118.13155972738052,24.49363572279469,0,0.09914852627365879,-0.3317542803991279
118.16178850759852,24.47725004234901,0,0.07025597302323863,-0.2748906245594646
118.1135367757681,24.50767347226805,0,0.11359315647257885,-0.3579806346511194
118.1212780052428,24.483480537626075,0,0.2899560959907941,-0.6390333447964653
118.13937701319624,24.462808905571883,0,0.0146144643867342,-0.12178347443300837
118.08643735958816,24.446858556924273,0,0.04359053548417281,-0.21348834448321768
118.09238428132583,24.533645677526568,0,0.03350741129162282,-0.18619635468500997
118.11552136953222,24.549121689398845,0,0.15894937053576141,-0.4347287236470451
118.11921259998716,24.51194066983771,0,0.2028655883692131,-0.5044735649735193
118.10635262670787,24.4329930543421,0,0.19281663820572897,-0.4887493047501161
118.10583744368402,24.528586023054448,0,0.16783063562935374,-0.4490862497519683
