lon_wgs84,lat_wgs84,name,case,office_count,residential_count,mall_count,metro_station_count,dist_to_nearest_starbucks,dist_to_nearest_luckin,dist_to_nearest_metro_exit
118.0926647231397,24.51352456511448,星巴克(厦门湖里大道店),1,46,20,0,0,691.7319343838343,167.91739765727846,908.1059256616938
118.0855008254812,24.470909468374767,星巴克,1,18,68,3,0,902.1497664596538,13.116798143979723,1218.6655167750303
118.09085672958366,24.48939627256643,星巴克(厦门思明欢乐颂分店),1,17,24,1,0,1456.975191528757,38.97636936108827,693.2782135915965
118.07086603947464,24.493052838935306,星巴克(厦门海上世界店),1,7,4,2,0,939.5917903159168,98.58595460506601,523.5801075870104
118.08015152629127,24.477421030947887,星巴克臻选(厦门筼筜路店),1,15,26,1,1,902.1497664596538,317.66094199358383,350.15398586996116
118.1065862802662,24.47433957642,星巴克(厦门万象城店),1,23,64,8,2,357.129645799985,166.16565504781929,204.6730123254964
118.0745637585401,24.46977070636296,星巴克臻选(厦门帝景苑分店),1,12,31,0,0,0.0,420.3866831527028,1226.2938419002448
118.10840058572336,24.470630035391892,星巴克(厦门禹悦汇店),1,27,31,7,1,95.95626641729378,66.09373408016806,76.36361825091316
118.15731915388554,24.51939139050396,星巴克(厦门湾悦城店),1,6,22,1,0,554.191600340456,123.50468100538497,851.143494833587
118.0715434037689,24.454510699494033,星巴克臻选(厦门鹭江道店),1,11,20,4,0,174.47685427154207,173.75362585061586,586.859558023526
118.12015280502531,24.50199296169314,星巴克(厦门SM新生活广场店),1,10,29,12,1,42.08888212827479,7.969814320687794,74.01317679755415
118.12234905754823,24.493738179706387,星巴克(厦门汇腾天虹广场分店),1,30,39,3,1,718.6171953769825,71.06191973288965,81.28923276072405
118.11323034406924,24.475432359101887,星巴克(厦门双涵分店),1,39,61,5,1,684.1643800700435,187.7348123710744,327.6046792528309
118.0781145550494,24.455261431272092,星巴克臻选(厦门中华城分店),1,15,55,14,1,200.47181361800762,128.78257735324507,155.61081659258238
118.08380104827312,24.438614099331804,星巴克(演武路分店),1,6,28,4,1,591.4404665544693,38.321635776414986,1722.0489128842498
118.1161678808437,24.484314360750265,星巴克臻选(厦门磐基中心店),1,20,45,6,1,732.7190053110522,134.4859245726486,81.32411929635599
118.0745637585401,24.46977070636296,星巴克(帝景苑店),1,12,31,0,0,0.0,420.3866831527028,1226.2938419002448
118.07096764268704,24.455995541550216,星巴克(厦门中山路分店),1,11,25,4,0,174.47685427154207,64.68582533175262,706.5542080982083
118.1556424463309,24.513255520298923,星巴克(天虹购物中心五缘湾店),1,8,11,3,0,172.03893949410178,129.5414443928249,1367.7174842146756
118.07432440799134,24.462219582666833,星巴克(源通中心店),1,20,67,3,0,768.6395143650867,89.9079452051639,1002.9266875718087
118.10515959920303,24.49073442918452,星巴克(体育路分店),1,9,13,1,1,503.88772668418176,212.06696347238253,335.4877337885567
118.18075396511702,24.485607435824747,星巴克(厦门软件园分店),1,9,12,0,1,909.8921871011019,100.60377126402604,229.31301216708792
118.17228958524582,24.506427823992393,星巴克(厦门湖里万达广场店),1,16,17,2,0,440.4374669182785,92.72067100639569,1513.2408850838563
118.15572211084542,24.53479323782303,星巴克(厦门钟岭路分店),1,40,16,1,0,1713.2630619626232,253.03434627633558,427.71005591622486
118.1299795190002,24.48704771008409,星巴克(厦门象屿龙山汇分店),1,12,25,0,0,743.6362536402502,514.2367451225883,826.3853775594403
118.0761481550069,24.45545488156645,星巴克(老虎城分店),1,15,53,14,1,200.47181361800762,96.31995293020158,262.15402438162437
118.15111417710496,24.488259757288453,星巴克(吕岭路店),1,5,9,3,1,1222.2189123712528,26.181279480702287,214.27340729797726
118.15520889274735,24.47787852448534,星巴克(瑞景商业广场店),1,7,23,5,0,1222.2189123712528,58.18072996251721,1169.0744469420765
118.15523633927717,24.5147639697782,星巴克(厦门金湖路分店),1,10,13,4,0,172.03893949410178,55.48059931108447,1196.5452069598837
118.1082116657294,24.494326698023976,星巴克(天虹购物中心厦门筼筜店),1,22,25,2,0,503.88772668418176,108.99581814931823,628.7051957180341
118.13891209661932,24.528616511692434,星巴克(厦门火炬新科广场店),1,11,25,0,0,1584.1697124617483,46.6781920601928,706.504268632241
118.12593532390338,24.53659893244817,星巴克(厦门高崎国际机场店),1,8,3,0,0,1584.1697124617483,149.2229436412104,1394.5265904452092
118.12264502824866,24.487254532201305,星巴克(厦门磐基莲花里分店),1,22,42,4,1,718.6171953769825,478.6534200207012,383.12077986298715
118.1845957485322,24.477875084540003,星巴克(厦门COCOPark店),1,19,10,6,0,238.19643589433983,80.16075464400276,692.2026776410202
118.10471468856878,24.524950826412717,星巴克(厦门万达鹭港分店),1,12,8,2,0,1287.425808690245,94.10499674638926,608.4399251977652
118.11003410496184,24.43486939351334,星巴克(厦门思明软件园一期店),1,12,15,0,0,678.2133109277923,76.13991164314963,3479.5994630091127
118.11619863803756,24.432490916718688,星巴克(厦门龙虎山路分店),1,1,6,0,1,678.2133109277923,668.2436002818957,4017.44654908298
118.16900157327528,24.48901711205536,星巴克臻选厦门宝龙一城分店,1,17,13,3,1,373.71401319191665,102.9206479532792,112.98014679806312
118.12194660704154,24.504441261912316,星巴克(SM城市广场1期店),1,10,31,12,1,214.8622831698308,90.29682684165445,218.9667507100147
118.17502418478152,24.509519355973534,星巴克厦门国贸金融中心分店,1,26,17,3,0,426.8874937702061,55.78848159206253,1084.2561043318567
118.09802375473932,24.47245693447391,星巴克(文灶地铁社区店),1,20,47,1,1,892.5126550995329,49.697304817980516,75.50522007910665
118.11985015944252,24.504149942949343,星巴克(厦门SM三期分店),1,8,21,11,1,214.8622831698308,239.26020225657487,224.3390463292098
118.1873872368866,24.47912917499411,星巴克(厦门君尚广场分店),1,16,5,6,0,315.1647531399666,72.08178217273452,774.347335556078
118.12056448178988,24.501942394705026,星巴克臻选(厦门SM三期分店),1,10,27,12,1,42.08888212827479,35.18908069202355,52.06562615696372
118.16321755279309,24.495833224871287,星巴克厦门航空古地石广场店,1,4,19,2,0,955.672246497634,948.8286224861454,905.1351702981193
118.08674414412393,24.510414067659873,星巴克(厦门山姆会员商店店),1,26,15,1,0,691.7319343838343,525.2867844985444,1413.2741921177962
118.10157656865113,24.51368510098325,星巴克(湖里公园TOD·地铁公寓店),1,23,23,0,2,903.1124700968647,124.26107858933831,278.62980514004005
118.14196760404086,24.546673357842252,星巴克(厦门高崎机场T4分店),1,0,0,0,0,1916.2830817938875,166.91294015820176,2080.341553637584
118.1862327291373,24.47633170839733,星巴克咖啡(厦门JFC品尚中心店),1,18,6,6,0,238.19643589433983,122.49169406987534,924.1578859649263
118.12242389920846,24.42784637295514,星巴克咖啡(厦门宝嘉CCpark店),1,0,0,0,0,814.1802634968451,213.80722272345565,4797.807669976903
118.11828530069398,24.509362047128977,星巴克(塘边宝龙天地店),1,8,43,1,1,598.5655421146112,27.561978757972334,35.940759257867064
118.11806985045362,24.552753714964293,星巴克(海湾社区泊寓·院儿店),1,17,8,0,0,1958.3671052726893,79.96873287799787,1454.7008503975717
118.0895270171753,24.4375912350776,星巴克臻选(厦门厦大访客中心分店),1,5,17,2,1,591.4404665544693,356.4254101190537,2063.834958737067
118.18688034277857,24.531740526689628,星巴克(砂之船奥莱店),1,14,2,2,0,617.8766619317875,16.302551986643632,1575.5577719389594
118.07022605511936,24.484588190302713,星巴克(厦门国际邮轮中心店),1,8,10,0,1,939.5917903159168,265.37671963008853,344.9424801563044
118.17919744377848,24.510048137776263,星巴克(燕来福医院分店),1,25,12,2,0,426.8874937702061,68.35265724219414,733.2139311850849
118.10783188163396,24.47132279902432,星巴克厦门罗宾森店,1,28,41,8,1,95.95626641729378,112.86373373783547,110.13745365527947
118.06660842268523,24.447072617382215,星巴克(厦门鼓浪屿龙头路分店),1,0,11,1,0,963.6798909237604,115.2287243354486,1239.1808358802214
118.17189096794245,24.486920228603903,星巴克(软件园生活广场分店),1,24,11,2,1,373.71401319191665,61.18654382456039,199.78291806133183
118.1808258344631,24.53241383658739,星巴克(恒安国际中心店),1,19,8,0,0,617.8766619317875,129.89871176048908,1388.227082772264
118.1705048401606,24.504765984832023,(control),0,10,16,1,0,258.01651950159743,153.2509795396128,1762.8091109291602
118.15009758153337,24.52031216137895,(control),0,5,15,0,0,738.7276876776041,463.79255978257186,522.0997167559511
118.0847199048194,24.445764339023775,(control),0,1,43,0,1,797.2555549898483,435.27434932613056,1037.5718954942947
118.10380778248938,24.49426556099665,(control),0,10,17,2,0,414.3320227733052,301.94511722209677,547.2348980914729
118.10192146864149,24.471759957254104,(control),0,24,53,2,1,402.5107655502183,239.06705263310707,312.7487485386824
118.12748147833192,24.531267448530137,(control),0,6,14,0,0,610.8291610989149,191.18602905275696,1287.815053090608
118.08750297603422,24.49277053637211,(control),0,3,16,0,0,505.0980486417534,456.63685322101225,1031.530630583887
118.15110015246647,24.443934220519434,(control),0,0,4,0,0,3409.7012315678003,441.47505607818204,4940.186282953408
118.1630577335081,24.482244552442992,(control),0,7,33,0,0,930.8719032889958,516.7356011087,735.3205581601395
118.0753976761829,24.490062734389834,(control),0,11,38,1,1,566.1431527419641,456.037334656913,360.5120930049969
118.1049723580956,24.49359940498099,(control),0,18,20,3,0,317.82922498182637,166.0819921986683,645.8320674191957
118.14161453965603,24.445970355549257,(control),0,0,3,0,0,2795.240519453987,1415.3026600203966,4223.082353475609
118.1665854235258,24.523286666995002,(control),0,0,10,0,1,1033.1672393446806,1104.7297061680358,442.1119489486977
118.11226256351044,24.436168518234656,(control),0,12,22,0,1,267.84019759146236,206.02411909983968,3461.1648003032715
118.19094804785176,24.50826692535794,(control),0,5,4,0,1,1206.8583303999812,995.6461688708254,167.5975108148079
118.17013252884422,24.510292974107042,(control),0,4,14,2,0,480.60278763994876,362.5269244632274,1242.0915701546069
118.17499408501031,24.49945463907804,(control),0,0,1,0,0,819.4000120722311,592.1364137836141,1317.6134570732256
118.17658173084052,24.489866469478528,(control),0,6,1,0,0,576.5633519911669,173.46875378324023,732.9039780744599
118.13787586283215,24.480452642312024,(control),0,4,34,0,0,1083.4096692284209,336.7994165028519,1293.301881593936
118.10538476412677,24.491965798958926,(control),0,14,21,2,0,138.25558278476396,87.27735683300499,460.1813257069951
118.12035773677198,24.527058185252912,(control),0,6,11,0,0,1198.1384317690142,734.7892238934456,865.4972740773036
118.15513219455222,24.543527259203564,(control),0,5,9,0,0,969.054219099408,468.6056244001029,857.3437997151763
118.09190962344759,24.480391086568314,(control),0,3,2,0,1,1002.9059041089829,426.5478219860895,307.46761975221364
118.07505887245614,24.46767546665843,(control),0,19,66,2,0,237.38517586148808,205.27419246610825,1342.8169519861062
118.13726117526707,24.519594114470646,(control),0,4,14,0,1,1013.0406608491472,432.20064422657555,323.6662167940413
118.15141503961482,24.491128677278585,(control),0,5,9,3,1,319.16285155231213,308.8064913251586,265.2290307221005
118.07896159061431,24.489249414633953,(control),0,3,30,0,0,922.1735035505217,732.694843329194,682.6640203822265
118.16117143764114,24.52792042893997,(control),0,11,19,0,0,940.2292869802509,405.21301721994183,605.5935344392548
118.11371537701247,24.509546791126805,(control),0,10,37,1,1,463.48857847618666,410.9942997322792,324.5142765555643
118.16410316368828,24.474654740405025,(control),0,1,32,0,0,969.557799788088,451.38201927715005,1438.281308200252
118.10954957069879,24.43582814653416,(control),0,12,17,0,0,116.98345441199086,91.86959811681109,3362.6579954234953
118.09658837269286,24.513479469354902,(control),0,37,20,0,0,397.5708716165749,335.9701233558461,577.0922897534217
118.18379403125044,24.498591271609094,(control),0,13,15,1,1,1351.5352284200744,363.36535804588397,491.4431888631968
118.10923202068031,24.46932286539213,(control),0,21,21,7,1,167.49589616343323,171.04638535049125,187.2947914496002
118.1419300548605,24.518013587229305,(control),0,6,14,0,1,1213.32260195684,453.0988259721876,331.8120501657631
118.10710675246057,24.525770926814253,(control),0,11,7,2,1,258.79708458629705,339.70393929054967,349.65069132491544
118.1576627188228,24.540367674272133,(control),0,0,15,1,0,647.8619562856816,571.4414410728606,424.4904867233591
118.18029961878878,24.4911227196082,(control),0,7,3,0,0,612.498924771774,208.74005839935248,773.6680999600637
118.08681210572844,24.522355287824073,(control),0,13,3,0,0,1143.627460003327,632.5937449385377,1972.4608788394787
118.12313338758159,24.55705299651367,(control),0,9,4,0,0,699.7889123114421,543.6196344013316,2121.6792890083266
118.102280757136,24.474422058370916,(control),0,15,61,3,1,436.462272798451,127.13020657738122,215.48902251621533
118.08279700696647,24.498818672767285,(control),0,7,28,0,0,1325.0488478943828,1055.8214281428743,1562.5898113968678
118.07821145917603,24.49335240765552,(control),0,3,28,0,0,745.0834955990872,446.437295498122,806.3746307721422
118.18256830016712,24.534810700845647,(control),0,15,6,1,0,318.7689916281946,349.13577897644257,1666.1450572446076
118.13609981330761,24.490963470196114,(control),0,6,26,0,0,756.7797019941438,621.0036388649881,416.38814024450824
118.18084284103844,24.51205575440491,(control),0,19,8,1,1,277.8904448079917,114.43099373605351,455.58972864944707
118.11493156163657,24.433058671819786,(control),0,10,8,0,1,143.02165652682248,534.4204330549704,3895.8840947201297
118.12896713421418,24.49680721860189,(control),0,19,36,2,1,751.8390009424852,157.70053676955757,378.8278824853293
118.07618077337092,24.49390847528904,(control),0,4,24,0,0,546.8360594640783,236.06248031166203,717.5612533937907
118.14066727247561,24.510274848256397,(control),0,8,14,0,0,1552.7988542944456,693.5289151825333,1197.697669424596
118.13687288011398,24.465592675431555,(control),0,0,0,0,0,2303.208462437857,1412.0014960646731,2735.4630387731045
118.18671885445076,24.518593155936156,(control),0,0,0,0,0,1214.9946690897752,937.1005363675619,479.084525631192
118.08076130016282,24.455261117278006,(control),0,17,63,11,1,268.2874585117403,283.51969672742376,242.69402335616644
118.14200690630267,24.521239035314643,(control),0,3,13,0,1,875.078897485261,748.1803782120938,31.892338978986892
118.11187383544008,24.5273842679127,(control),0,6,10,0,1,773.7297406649309,168.48383017785423,57.01299142064573
118.18975633998484,24.519684893084317,(control),0,0,0,0,0,1366.4833334918387,1219.8679441992094,733.4187368652208
118.13302396090225,24.486978744778334,(control),0,21,25,0,0,308.62161092951555,241.03055438742288,823.8430165593289
118.11478026196758,24.50863091888929,(control),0,10,35,1,1,364.2533320492786,340.9359102151263,231.6360532829518
118.11689418178308,24.511107231238203,(control),0,8,43,1,2,239.19976281047929,46.90443345976716,188.45682795332164
118.12782184734989,24.497229519228313,(control),0,22,40,2,0,676.047276022774,94.52111990388167,503.88246089606895
118.15443662851622,24.54438139641256,(control),0,4,8,0,0,1069.752660891543,504.6947888046593,975.1436665507458
118.11437571082327,24.53002235157123,(control),0,3,9,0,1,1128.4242778381315,540.4587061649538,301.18355330095
118.10950859200263,24.551952476532602,(control),0,0,12,0,0,871.6817785091171,866.1918169629918,1244.2338627109177
118.19021665588464,24.48065909409489,(control),0,8,4,2,0,333.0682226191461,402.9499335703114,787.237397818769
118.13515022773267,24.53713295944658,(control),0,12,3,0,0,935.3511597976456,289.2040129744697,1723.6037476145268
118.10627254014138,24.54694621567456,(control),0,2,3,0,0,1357.022205322833,1320.0947457264535,854.482083727405
118.15488793158725,24.483422873049296,(control),0,7,19,1,0,614.8402780160712,412.2170582764346,603.3852026226033
118.10208770358169,24.466403710818312,(control),0,19,50,0,0,786.7590720526855,314.2887047439224,392.0460933810188
118.16123114256293,24.526606834569026,(control),0,4,21,0,0,891.9353002837717,501.4276246631211,599.2459985652802
118.1797956296289,24.531898618921904,(control),0,16,11,0,0,118.94406077430848,210.36277995056878,1269.7188703330987
118.12521441375137,24.545835241197036,(control),0,0,2,1,0,1025.4285138943465,834.4889997508907,1431.7174532969284
118.11108522034304,24.43633873076294,(control),0,12,19,0,0,194.50108162575447,119.1279887242659,3385.2136823993915
118.11472696396088,24.472368127152002,(control),0,12,36,4,0,371.687125695292,312.1400990921047,418.58324310332785
118.11503706542082,24.43156944003952,(control),0,4,5,0,1,155.82476552414192,641.3601137407227,4042.716561949474
118.17269572844515,24.50259353460499,(control),0,10,6,0,0,426.6010317851552,181.1978552003072,1542.86153488208
118.10091847326652,24.543120686412582,(control),0,1,0,0,0,2038.6614940726388,1675.8305798574681,1082.0452075639278
118.15450769764908,24.518561113183008,(control),0,8,18,2,0,299.3178344634672,269.4065686415644,779.7015780150484
118.12724308201705,24.50887220373871,(control),0,19,37,1,0,727.1696686204194,118.05704377205498,856.6930322017078
118.12741704534268,24.50781714899473,(control),0,18,36,1,0,668.5817380761806,201.57819031162904,813.2158422969565
118.16522956000574,24.495876803399366,(control),0,5,26,2,0,203.9438205817918,864.0877730995726,949.0310615298351
118.10463190276883,24.535333807063306,(control),0,5,9,0,0,1149.8290010499727,988.6701445915008,874.3389819592552
118.15201548413123,24.4791315321515,(control),0,6,20,5,0,352.1381695061963,167.8937450827955,1138.8596742358602
118.14900855717546,24.473824322081022,(control),0,0,9,0,0,772.3095310798527,812.2330335858196,1690.4614053865193
118.18708505675032,24.486299772558326,(control),0,23,20,1,1,646.1796642672628,386.0527311358608,150.1787742415632
118.09201996246797,24.51514423595554,(control),0,45,24,0,0,190.88544749845624,315.69036501239856,1054.9953417648762
118.13749772538839,24.529440571925093,(control),0,11,17,1,0,169.87861480164807,188.39801495587844,852.2781967254772
118.14242481165496,24.499406439914274,(control),0,6,51,0,0,1516.2627927362155,239.32820486824573,724.3675951491033
118.1741134545589,24.507842291561545,(control),0,20,18,2,0,207.38177056562432,150.30770836442585,1270.9872651100648
118.11752943757169,24.481864107828933,(control),0,22,37,6,1,304.4073941690187,223.08289071513417,340.0702572280494
118.1365125600829,24.531051059326195,(control),0,11,17,1,0,363.0116695043615,366.687313540403,1056.6446211302
118.11819971690699,24.508094798978487,(control),0,8,30,2,1,140.60130410847805,149.96979038986964,36.804634795263055
118.15513174202852,24.45382643840967,(control),0,0,6,0,0,2663.526016376729,1064.4031919050497,3798.0166962752405
118.08472849895134,24.468819556504354,(control),0,30,76,5,0,244.3109467265287,257.409742050902,1048.0417235486316
118.08271005031321,24.45928888285995,(control),0,17,51,2,1,644.8945823231678,361.8017721323026,185.2920869435765
118.07517901302909,24.485175250775526,(control),0,13,22,0,1,506.1308194243223,370.09625080702506,335.8258770508505
118.08854142463225,24.47146271652164,(control),0,20,74,3,0,314.2031803033073,307.2535486079902,978.3738204834384
118.1348640900572,24.517800406261692,(control),0,15,24,0,1,1266.0371660465435,139.2510180659468,330.6889062798085
118.18207559748144,24.526022174839262,(control),0,7,12,0,0,719.0551097816513,476.04790205109464,778.1520858222822
118.11413465387906,24.488548964158962,(control),0,20,37,1,1,512.2059760695536,396.1058555282005,401.04598506383564
118.12848948975207,24.525910104434754,(control),0,4,32,1,0,1097.6131101035737,431.64127349389344,724.7789723960974
118.13615205482844,24.495310893009034,(control),0,4,57,0,1,1108.4197545217844,308.84217579902804,195.92478496011321
118.09835057184885,24.473311862557136,(control),0,18,45,1,1,100.30004197529986,138.42487271780837,169.12735720690196
118.08933886857461,24.466237869372936,(control),0,16,58,3,0,647.2589122863131,59.659818258014106,591.0133979501762
118.14892462886311,24.516195902304887,(control),0,13,18,1,0,658.8623485968272,411.2458038452828,865.7626944297097
118.17942019332489,24.490526685191494,(control),0,6,3,0,0,561.2789409841896,249.07270259616612,740.5379983883707
118.14787192885836,24.525621462485915,(control),0,12,28,0,1,966.4114670108517,270.5593851726127,345.933655236495
118.10061657489489,24.471293980583756,(control),0,23,56,1,1,292.6477926567581,285.49681893839767,175.33444795669132
118.09471978671897,24.442535706572794,(control),0,0,6,0,0,759.5557460474456,476.1916819323932,1946.427128751406
118.0854593086363,24.460213126044763,(control),0,15,44,0,1,924.6261598660947,203.65967433751345,94.47116591301773
118.08301449709246,24.514709814017277,(control),0,11,1,0,0,607.5274039890393,345.7432919809983,1868.8263873276373
118.1454974406213,24.459486205014,(control),0,0,1,0,0,2262.1324816717274,1475.422748551747,3299.586266694608
118.10683848996808,24.480153611655624,(control),0,10,36,1,1,644.342203177997,630.5789501565987,233.12839767457518
118.10885382330274,24.438803585007168,(control),0,3,17,0,0,451.79645843425783,369.4635425046349,3037.2936687510783
118.10663182869976,24.53477674963799,(control),0,2,11,0,0,1105.3079796627258,952.7663379560569,752.9496062528327
118.09607366945755,24.516536965223104,(control),0,32,29,0,0,480.1796157383572,104.51589491922365,874.9495949813343
118.17490720552212,24.504336922492612,(control),0,13,10,1,0,352.0868319122359,206.47079230175902,1355.5592846269003
118.12989927867599,24.478221882234912,(control),0,4,39,0,0,977.3960378299715,524.1139678729392,1457.0871951308902
118.11076608207433,24.55177796954214,(control),0,0,11,0,0,747.6354706109493,739.3127430459571,1207.2579211776283
118.1459434513459,24.53931700266506,(control),0,12,1,0,0,908.7597578423419,582.6171089763338,1391.5504214386879
118.0878075808543,24.442958350335836,(control),0,4,42,2,0,619.3725821276137,268.53877781700567,1471.4871003914616
118.11231943791671,24.544342824025772,(control),0,9,6,0,1,1098.5464115341838,1031.052389653469,382.19886091728773
118.12484088164904,24.4732635912642,(control),0,6,26,0,0,1200.9965538149925,294.6559659500869,1266.0345763688551
118.17293967278893,24.49113455491778,(control),0,12,4,2,0,462.87543893306497,155.8312403001487,529.9883858494846
118.11622702599203,24.49693626457389,(control),0,9,45,0,0,686.8882367933242,238.2830469683255,616.1676101443422
118.0800187613091,24.46399642726964,(control),0,19,78,0,0,609.7895413195313,374.5051313633074,701.0784295062139
118.0951144963007,24.525409302752305,(control),0,10,19,0,0,973.9158117176333,380.5779610365693,1551.7882518241167
118.10970789628077,24.536394090941684,(control),0,0,7,0,1,1364.442772006463,1057.6379508125651,415.0640621418873
118.09211485664225,24.52232693507038,(control),0,20,14,0,0,976.3493392899582,371.4878245828605,1546.3278116762328
118.16864038526604,24.51080308467089,(control),0,1,14,1,0,609.4892834095374,254.7922232082171,1292.50488094545
118.16457260719154,24.496818558267258,(control),0,4,20,2,0,175.3892840966289,985.1789244382256,1068.6785389475267
118.12840701922799,24.554300586569784,(control),0,2,1,0,0,1060.9462738858156,751.5707853994355,2239.0650954683797
118.13524944362639,24.506584077924487,(control),0,7,22,0,0,1368.6533762516706,516.92261863648,1271.322408963221
118.14622649319774,24.505910706996985,(control),0,2,27,0,0,1253.7096886657873,718.5223675241732,1521.436307508268
118.12250135037178,24.524343367844455,(control),0,4,5,0,0,1401.050401850733,585.9471071708382,806.4263451459352
118.19200723442614,24.493424644694944,(control),0,19,6,0,0,1431.7661041425717,140.60775673901574,433.4078515237331
118.14856334854359,24.476397756320694,(control),0,2,13,0,0,693.1976438758876,629.3889669407448,1406.8621270243823
118.10836966048574,24.476279255398044,(control),0,22,56,5,1,280.7245532092615,446.2764225000563,113.48388795082326
118.11037279752793,24.469002267126847,(control),0,19,16,7,1,269.163524361042,247.45730349010245,216.95993033381941
118.17136356527328,24.48395887977821,(control),0,31,21,1,1,332.26762624272124,185.30252597655925,340.9314915735504
118.09139034122593,24.483990362448594,(control),0,8,10,0,1,601.0756040512316,272.0667148761377,153.18760114926886
118.13407674855064,24.479228493301132,(control),0,7,31,0,0,960.3046590545896,181.75686032397118,1559.3939561785353
118.07954909239876,24.47861733647733,(control),0,27,30,1,1,145.8679725902389,246.8746057922019,208.27264866159408
118.13467350944501,24.50430087204521,(control),0,2,18,1,0,1289.6737748551463,487.02346935535866,1011.837048456479
118.08835523838364,24.44679917902802,(control),0,1,27,0,0,1017.1993333918695,691.8644314957955,1200.4902244633086
118.17729281559623,24.484111038466686,(control),0,18,17,0,1,387.9410842666335,198.43090867881958,219.4244674385322
118.13813429866755,24.482331260687353,(control),0,11,36,0,0,977.6394628109803,489.26028894467225,1085.7976245060602
118.11885776259766,24.499222063812418,(control),0,10,45,4,1,333.7286244765106,339.1844228711193,248.55909491534499
118.08057468998354,24.44555456664988,(control),0,7,41,0,1,835.26640710169,405.8835740658276,886.8124980502217
118.15678433947743,24.47778045851755,(control),0,8,30,5,0,160.03911983512174,102.89058070888466,1150.1508694414779
118.06032726038491,24.441892232343253,(control),0,0,1,0,0,857.0425183238573,971.9088516016943,2087.3695736777745
118.16800665928507,24.51332884373321,(control),0,0,10,1,0,826.7651081096675,462.53127771963045,1152.3758052672922
118.06059383500619,24.451244250326848,(control),0,0,9,0,0,764.9365836420899,785.3720900837192,1678.398156293558
118.15814814498884,24.45354754726409,(control),0,0,7,0,0,2710.8203457181767,1022.4116861795144,3807.3019411572923
118.18582068823888,24.476139277699193,(control),0,18,7,6,0,46.88373737250508,167.0691420400001,920.6271953805485
118.16053987852449,24.44883051765911,(control),0,0,3,0,0,3261.830186032058,726.4187447036235,4261.696734264128
118.10207787386419,24.547061673085686,(control),0,0,2,0,0,1738.1485916216664,1709.8232404536197,1165.8553279422367
118.12207939929704,24.546541055865912,(control),0,5,5,1,0,798.9161283327718,659.4983587605569,1204.6605438762897
118.09681942281277,24.473654039708915,(control),0,15,36,1,1,180.20042624366457,24.931074819410124,248.5188628761068
118.15368913500025,24.477876718883422,(control),0,6,20,5,0,154.02620623886136,211.18668841986593,1213.585469947282
118.14244669445208,24.48167252050039,(control),0,5,22,0,0,1141.7931591895099,793.7432475433487,1016.3652036258343
118.19178451373415,24.488962179606407,(control),0,36,6,1,1,1176.5771665798407,49.673047333862925,400.1169547406912
118.15514380522279,24.45634733212138,(control),0,0,5,0,0,2384.361699914503,835.7576124227713,3520.5582170699013
118.08313794244141,24.45839615671696,(control),0,18,51,1,1,616.2576336011673,364.3046010417505,133.8820466692263
118.15794143256622,24.53759961680745,(control),0,9,17,1,0,383.574379368393,415.02473582526477,175.7150775503338
118.1500043149666,24.514197375543134,(control),0,12,19,1,0,533.8075199979027,511.28914040194707,1093.3631768356397
118.1216655711213,24.474143684044833,(control),0,6,32,0,0,866.7430898733851,76.48736322844223,938.4249881315006
118.09462488802691,24.47501851780341,(control),0,9,28,0,0,446.23984715108804,258.87156301869356,508.0136032326023
118.1013833862409,24.47024118533592,(control),0,26,55,1,1,419.7030080039902,199.3661183656507,243.22990971548717
118.10848578059611,24.529240772739918,(control),0,8,14,0,1,609.6243694435113,322.18522139567585,288.0390825796791
118.16991151771533,24.490107406995513,(control),0,15,7,3,1,151.92578552627467,250.46120910159854,251.65812529050285
118.1637078412843,24.481487924122465,(control),0,11,32,0,0,949.5718779437613,439.50656314525185,808.8487263090299
118.09478906482258,24.53608789813578,(control),0,2,4,0,0,1591.2591008309296,978.3720634696298,1747.6896254369758
118.18101758585624,24.518411608048158,(control),0,4,7,1,1,944.3606059949287,774.4746314422384,115.56858395680496
118.09880305073105,24.50356851262551,(control),0,7,27,0,0,1155.0026738197728,1044.6694527752034,578.0995434681997
118.1126536489289,24.432717685139806,(control),0,11,4,0,1,356.8002348574644,383.6619556100077,3813.262118391468
118.0852356977626,24.49670155127755,(control),0,1,25,0,0,989.3861000463073,898.4728907441581,1339.5693579955337
118.18213170980403,24.513308870009563,(control),0,13,6,1,1,467.74219707448884,209.1894594628392,265.5482617549397
118.16431191980283,24.540363730125684,(control),0,0,14,1,0,1066.6387816425859,737.0486763394389,485.2263366979536
118.09529831110932,24.489245465130082,(control),0,25,24,1,1,450.41138337571516,332.40840715262397,396.08102637107345
118.08452505786461,24.500402071118707,(control),0,7,24,0,0,1131.2769579453375,1259.368246678048,1587.228019400539
118.16511395013603,24.461954221119544,(control),0,0,6,0,0,2029.1981655569446,561.753216370593,2763.6921322382536
118.10612454767065,24.537482207205553,(control),0,3,5,0,0,1395.040644372877,1250.5360985076434,631.3169116143179
118.09223296057164,24.436836012100393,(control),0,2,3,0,0,286.7926665452012,211.77357585938935,2283.704385795026
118.10936380398766,24.522684167347656,(control),0,25,12,0,0,533.7144882545482,472.25235925139424,467.5609114471273
118.14048892123904,24.53205562673713,(control),0,9,35,0,0,412.9918752997408,171.1384157094106,1036.8852910421137
118.10607029050234,24.508635389007665,(control),0,11,27,0,0,721.1152355362844,708.3618041396838,533.0322977612983
118.19275650106974,24.494859578964395,(control),0,13,6,0,0,1590.3664025407006,274.2663591787602,461.5451262307386
118.17599250837057,24.47681381301022,(control),0,2,15,0,0,879.8257508895563,583.2118833835787,789.8791114582788
118.13119336512803,24.508864727635256,(control),0,13,26,1,0,1057.2563723697228,513.6007334989037,1167.734623146011
118.17616170615624,24.479063863257682,(control),0,4,21,0,0,861.2230728811395,455.48596076789084,563.572270715619
118.09360015648922,24.435401973575377,(control),0,2,2,0,0,478.8423191114011,332.3081236856809,2493.551301571031
118.11166325584924,24.460517732600728,(control),0,0,7,0,0,1167.6251584248034,1175.8373424438992,1164.7724164904525
118.11629491962955,24.516273333824532,(control),0,35,24,1,2,791.4714125892821,223.64022780803626,198.91614278431683
118.12148005984216,24.544615311229897,(control),0,1,3,0,0,965.1717922691922,867.8792437716328,1034.9791073719396
118.17792537980922,24.469452971060154,(control),0,1,4,1,0,1135.4312022138074,1074.1633188363087,1538.1165969900208
118.11815282045951,24.52744001739695,(control),0,6,5,0,0,1284.635714107206,796.8533094994773,638.1640605289939
118.14882288507506,24.502127130204965,(control),0,2,30,1,0,1412.8608611772231,887.2195285821336,1274.7109680929198
118.09778250877663,24.438107399863537,(control),0,0,6,0,0,838.8861790234876,258.9272069939982,2526.8203100984374
118.18909308774867,24.49005841738661,(control),0,40,10,1,1,978.3432575050792,154.035417644248,193.81723265811112
118.13130422089243,24.503877849900263,(control),0,4,16,2,0,950.2314873157638,423.1713433979513,932.3866135258227
118.18070731793307,24.513261764050483,(control),0,17,7,1,1,387.36908357223234,227.06196749461225,374.80950386112767
118.16682018888724,24.538632796376522,(control),0,0,7,0,0,1201.9770243984478,773.8403957719697,464.5501545292381
118.16512193261127,24.51634345155718,(control),0,0,3,0,0,859.5959707276728,794.0665123753577,1224.4541084733762
118.15282569732287,24.52665544352011,(control),0,50,21,0,1,924.3076970232455,161.81291062551958,146.83887600100846
118.10862220901316,24.525347064066818,(control),0,10,8,1,1,398.29451754978805,239.5491525458144,241.48187381172465
118.18611917699057,24.491809084499568,(control),0,27,8,0,1,875.9500382087217,119.98927695070557,374.64411347466466
118.10329655589766,24.52032630044623,(control),0,4,24,1,0,531.8857923214097,443.4074809128741,680.8534426563201
118.11030061414814,24.507928390715172,(control),0,7,25,0,0,824.4646701624667,800.4560105631285,689.1179750216078
118.13256044591395,24.52916904988363,(control),0,1,24,2,0,646.3733835241013,558.6258719871372,934.672189177617
118.12282109439619,24.483840818428757,(control),0,7,34,4,0,378.45102750286975,621.4049855957434,507.7270112620304
118.16453109712138,24.45107338530675,(control),0,0,4,0,0,3115.151760630324,1193.6476416865053,3867.356011885043
118.12378057688541,24.55377949876221,(control),0,9,6,0,0,589.4746979494507,294.008173623899,1868.7020087998003
118.12181475863744,24.51043058072776,(control),0,12,44,2,1,376.6813181452346,399.170461717418,350.0425637423518
118.15797985818662,24.472067501782554,(control),0,1,17,0,0,702.1236377703315,669.4886846601815,1759.6150378104846
118.19114370590881,24.48694153763961,(control),0,36,7,1,1,945.2062514528823,41.29178277789647,308.35239597859515
118.17657466194558,24.5397367879131,(control),0,1,0,0,0,918.2100239531167,1036.4864900242087,1410.984444500234
118.1805687428712,24.488122617064327,(control),0,11,8,0,0,279.1644138026625,143.37418415367435,484.7628361425038
118.08763565931132,24.489553731832935,(control),0,8,18,1,0,326.88196438962893,335.2193648011201,713.9749619867306
118.09831161772318,24.53302691536446,(control),0,7,15,0,0,1104.8132423659843,549.0988658388914,1398.453514098568
118.10476199739882,24.48438545058868,(control),0,3,12,0,0,704.2278300563003,706.8576806887122,386.2543403442488
118.11756834254875,24.487897621994158,(control),0,26,45,2,1,421.42241117981007,142.81032759890425,132.03924155400736
118.16473374627795,24.541916264273386,(control),0,0,10,1,0,1206.4737769758963,907.5871427381318,661.5522696091117
118.1312918045974,24.434614259808516,(control),0,0,3,0,0,1170.4851469735588,1345.7854831351053,4567.911559624987
118.078587475917,24.490590048945716,(control),0,3,34,0,0,828.6230520720782,605.9283793971724,680.1740115505022
118.1527546511824,24.51951540065575,(control),0,9,14,1,0,462.6600200114682,465.617884921882,618.6918298767853
118.10727228370038,24.493264597425785,(control),0,22,24,3,0,151.31065372883418,152.18519208152716,543.406694188938
118.11825904530322,24.438562192382044,(control),0,4,31,0,1,704.0226831747667,689.8544512023943,3604.7349621817943
118.14486253998004,24.517668286537873,(control),0,8,15,0,0,1099.162697516624,286.83101329352877,458.09337924349234
118.15560409958712,24.520085271665252,(control),0,6,20,1,0,189.99373513485673,253.34779370054204,684.7440586999749
118.16692895303291,24.54345742885706,(control),0,0,6,0,0,1486.40613652319,1168.5920300888667,907.0357870281543
118.10929757165947,24.53548016868156,(control),0,1,9,0,0,1255.0384094003145,960.1785966574599,522.9862948189149
118.12689649566126,24.511148361741398,(control),0,16,31,1,0,894.6486533567542,227.77629681388865,852.3551396229246
118.15907771626131,24.490491663559816,(control),0,4,15,2,1,725.18786343151,861.7661213463668,198.1249553333352
118.142963798481,24.52189346146323,(control),0,3,16,0,1,850.1698830991618,783.1985501697643,29.721727220077483
118.08748249825098,24.516355879887474,(control),0,27,5,0,0,611.5403128815841,136.9489319812104,1518.6406867154794
118.09654802885869,24.485437283593015,(control),0,17,9,0,1,724.4645836410657,443.4726490016038,422.39609483735376
118.11030871219035,24.47242448059675,(control),0,27,41,8,1,277.28737213671207,37.36931737597421,53.52582508103852
118.12475988042036,24.522753915631824,(control),0,13,11,0,0,1537.806314023051,302.4625809666434,703.2812295597982
118.084385936189,24.45345668970221,(control),0,10,34,0,0,666.3781762989411,658.4339936359371,444.49625885598783
118.12580299109936,24.49285336032309,(control),0,27,43,3,1,363.46382331390447,132.59281259445697,181.91371852491503
118.15877037136542,24.465910036781306,(control),0,0,11,0,0,1373.6614220349666,368.115861926287,2437.106925193258
118.08283835171213,24.49355762147079,(control),0,0,19,0,0,934.1277219370663,911.6251774829924,1207.9620012436721
118.10891602139291,24.53747764508026,(control),0,1,6,0,1,1451.0298534471317,1184.336370401571,381.7844734641811
118.08241486065067,24.44352147475889,(control),0,3,36,0,1,561.3028140387239,128.37403666271848,1167.1420935415347
118.15987242583478,24.487143437003034,(control),0,2,25,0,1,896.1395584828125,851.0345613972645,104.31569881040078
118.14764010723736,24.543074103950605,(control),0,4,1,0,0,699.306146440142,533.8639133427663,1382.244538578614
118.1560234884388,24.54302394969361,(control),0,2,9,1,0,911.9843950358403,499.08029935662483,762.2099462898706
118.12727407842429,24.492963998844843,(control),0,21,39,2,1,506.3910371639735,279.81040754412186,331.1191113462421
118.13259215941677,24.514457048927387,(control),0,16,19,1,0,1547.1438330305657,307.69261210512514,640.9046099459734
118.1043827858125,24.519830233009454,(control),0,10,26,0,0,568.0437003918826,451.2919209885786,606.1350482486343
118.08784284043153,24.51539029268868,(control),0,33,6,0,0,530.4346260320841,58.26304682651422,1437.853985267179
118.16124418755872,24.482755737747926,(control),0,2,35,0,0,815.989049499028,708.5940327820524,604.8319395133196
118.13389072901559,24.507492432392336,(control),0,15,23,1,0,1256.5290609855651,687.3588380394183,1314.801376894344
118.0899979849764,24.51332337745852,(control),0,36,18,1,0,271.10764052702456,203.14862680556493,1148.4118052060114
118.11778209181395,24.512236067713854,(control),0,13,42,1,2,322.3239610559908,108.34930647183454,302.86393864016696
118.14478074386369,24.5246282458976,(control),0,9,26,0,1,740.6442982681948,553.6275352268367,365.2452736232408
118.10736144976077,24.51456064758193,(control),0,25,38,0,1,594.0812888872224,373.27604270275896,235.06998631724795
118.18076775859814,24.481595337520748,(control),0,5,16,0,1,444.3041089729687,297.0549057616121,201.03503595928527
118.10697985029196,24.471774122000312,(control),0,35,46,8,1,99.77564073881344,82.84983643472457,206.4480888868473
118.1169547078656,24.483458124599526,(control),0,19,43,6,1,123.89068487547355,182.74991848484092,155.36627752607427
118.09340789900499,24.47273892028987,(control),0,9,54,0,0,468.86548681858153,240.91945904592563,495.6856404547727
118.15296275011735,24.485561052595678,(control),0,6,15,3,0,352.71642867954614,376.23999707918665,545.640320541379
118.1155868862829,24.542372537271085,(control),0,7,5,0,1,1176.7951954694547,1098.582895048969,403.457006569635
118.13730657483335,24.487790069227124,(control),0,14,23,0,0,747.0669178942167,362.4781652376048,570.0307137176472
118.11565079024695,24.476372191841612,(control),0,36,53,4,1,266.4755325768621,47.22815694167731,312.1982182174581
118.14683210616667,24.495522467328293,(control),0,6,31,0,0,913.8651691315632,545.3204943001458,587.1655593883318
118.15115632292147,24.52838414635106,(control),0,61,29,0,1,847.1615108090971,50.337155071506054,227.1841656014784
118.11119556431028,24.43411563141077,(control),0,12,10,0,0,144.33526681326052,172.81773729012235,3607.2971125460354
118.10078762369857,24.463366688893046,(control),0,9,64,0,0,1044.8849084176718,530.7071520727901,518.5634906094226
118.10490946166605,24.506424877715858,(control),0,6,17,0,0,872.026826828238,822.6866560486736,471.97013527951844
118.16803448332773,24.45844115158992,(control),0,0,7,0,0,2514.580432308556,972.7713909912862,2977.631210180174
118.08461455933279,24.516482280952513,(control),0,16,0,0,0,705.7720842173945,103.78738117747376,1785.5239424406686
118.08465962128592,24.494323383055686,(control),0,1,17,0,0,831.9069373458857,791.0500271940864,1309.6498631678003
118.1516359311084,24.478106445523448,(control),0,5,19,5,0,362.9945582261332,272.27594982432373,1240.8786128576207
118.18463479571034,24.479912323879542,(control),0,17,9,6,0,225.63980260705318,174.1019439542521,509.25078194194776
118.15364398182935,24.483894903971382,(control),0,8,16,1,0,547.1453953911497,436.79936656338344,634.8880844710629
118.15102985914365,24.497383060345143,(control),0,8,19,1,0,1010.347921301287,933.2129334567662,815.2901112577536
118.1490624478463,24.490288643348382,(control),0,5,8,3,1,306.12374579966814,281.0851728125782,19.388892185673818
118.16475911022563,24.477153092954214,(control),0,8,32,0,0,971.2383098272304,560.9038763721386,1158.5942716153306
118.12313579920793,24.521665554230605,(control),0,17,5,0,0,1448.4004890446556,367.73524495648525,528.5936328191233
118.08628575645693,24.465651653661634,(control),0,21,61,3,0,587.6463197329618,338.1819248406558,702.5020508647154
118.09171023312207,24.47014507706711,(control),0,11,75,1,0,635.009611781591,94.24114409113062,681.388205774969
118.10829212557984,24.51482969672245,(control),0,29,39,0,1,692.1153987711525,332.14563008564517,332.1862077374129
118.14334111544183,24.523520162398572,(control),0,5,18,0,1,721.004694314395,707.6307595326798,186.46254267731908
118.12890594844778,24.42825054943201,(control),0,0,0,0,0,658.7251785302213,872.4437339997322,5102.509583814876
118.0876994265843,24.495838627551404,(control),0,1,16,0,0,781.8710368602405,661.1898210756624,1072.329324119711
118.17427344472381,24.469090121881084,(control),0,0,8,1,0,1428.6258116648557,750.0204537130985,1651.6220746910617
118.16004506517996,24.532727236782367,(control),0,29,22,1,1,494.09639545544115,222.02677925898894,192.498737830756
118.11863211692942,24.441361317237238,(control),0,4,29,0,1,1012.7962001087003,676.6194473232667,3390.185052906151
118.14056155687722,24.539346061691134,(control),0,6,0,0,0,823.8306743708604,363.0488912007573,1811.507853526116
118.17830639961869,24.520407660002682,(control),0,4,8,1,1,1150.769858773289,987.2157210935574,51.45083642423393
118.09739465033189,24.47087541193467,(control),0,20,53,2,1,186.37992816987884,157.19788131151054,115.06915879341248
118.11826812649414,24.483246263173953,(control),0,19,37,6,1,243.50230063982207,295.51976302043204,236.37383078124697
118.15001639490991,24.49297584866563,(control),0,6,8,0,1,533.9754837241533,516.4803767165213,326.2548152152278
118.11571747529715,24.54445276703559,(control),0,5,6,0,0,949.6214884524084,872.1730625790045,554.7337285552145
118.15631228274954,24.536567898530503,(control),0,14,14,1,0,205.41942636317881,453.0668619714523,311.51467374621313
118.15628955475047,24.45040111678978,(control),0,0,8,0,0,3044.803479705764,689.9623900560157,4165.041522205269
118.1529779697545,24.512089451676434,(control),0,10,14,3,0,299.2614215295879,294.3079760642758,1432.015121509436
118.17810892072939,24.485036242059717,(control),0,14,12,0,1,275.4210771455551,146.54373385494523,198.85017775148418
118.1358003956625,24.561321539638342,(control),0,0,0,0,0,1738.2599796643487,1750.8298852194562,3316.1421913867653
