lon_wgs84,lat_wgs84,case,pred_proba,pearson_residual,lisa_raw,lisa_fdr,lisa_p_sim,lisa_q
118.09561680436344,24.464120109977134,1,0.0976697496277226,3.039504014981346,ns,ns,0.202,4
118.0742221833061,24.46598733728365,1,0.2845356682379309,1.5857168316367962,ns,ns,0.488,4
118.11831881376408,24.48898915867408,1,0.3442711147327649,1.3801041589730787,ns,ns,0.414,1
118.12569382880218,24.4954864082418,1,0.4053751711909041,1.2111360942459537,ns,ns,0.401,1
118.09685386570726,24.47387695813907,1,0.2187203119246316,1.889986527949023,ns,ns,0.238,4
118.07396052182352,24.46296002576291,1,0.2776319686183552,1.6130377178318338,ns,ns,0.277,1
118.0715992583575,24.456078936613626,1,0.2529836409690726,1.7183785265200335,HH,ns,0.043,1
118.07700583692254,24.455829312611048,1,0.5490047671116424,0.9063541296869602,ns,ns,0.182,1
118.10928693039772,24.494351398843445,1,0.3382637673829893,1.3986682503995975,ns,ns,0.472,4
118.0718209427058,24.486488902965107,1,0.2243362637786141,1.8594606943915997,ns,ns,0.194,1
118.08070217048504,24.467320006673912,1,0.2024468097684066,1.984834771644756,ns,ns,0.302,4
118.07167152041032,24.493552121724452,1,0.1855795173443992,2.0948808337284888,ns,ns,0.167,1
118.1060484011212,24.492468156185396,1,0.2436421688446188,1.7619250311681591,HL,ns,0.008,4
118.11717426483136,24.486032579199954,1,0.37923425961309,1.2794110231437266,ns,ns,0.383,1
118.0745461749342,24.464088729255938,1,0.279573434064918,1.605265636905745,ns,ns,0.271,1
118.10540109936784,24.473302762884497,1,0.5764201589020889,0.8572313811936468,HL,ns,0.004,4
118.09757045453364,24.472285814956955,1,0.2970777887696705,1.5382203122649327,ns,ns,0.239,4
118.12656563014562,24.520578882927857,1,0.0891624005860865,3.1961679967955745,ns,ns,0.228,4
118.09159889120076,24.491051460414944,1,0.2056328669259044,1.965460717370245,ns,ns,0.324,4
118.11717226243952,24.48602357587087,1,0.3793593514340004,1.2790711724529078,ns,ns,0.383,1
118.08559553517507,24.516752245150823,1,0.1644901421967893,2.2537505781184044,ns,ns,0.253,4
118.1360170363734,24.49809706789968,1,0.0583276461232692,4.018025466468136,HH,ns,0.016,1
118.0796480397082,24.45760988315152,1,0.4415077879616201,1.1247069436185384,ns,ns,0.483,4
118.1254097169296,24.47587298738508,1,0.0523643735632282,4.25405140618253,ns,ns,0.268,1
118.0871347499054,24.461228272249866,1,0.1213698866776378,2.6905902783455393,ns,ns,0.097,4
118.10419822691134,24.52424449588279,1,0.2744398879386295,1.625972076284396,ns,ns,0.06,4
118.11416774724492,24.515734062640583,1,0.2702876931382588,1.6430950965517137,ns,ns,0.096,4
118.1129907584999,24.479061761751407,1,0.3881239837526232,1.2555860301796065,ns,ns,0.29,4
118.07792469185944,24.454067337711805,1,0.4252375678916706,1.162594794630395,ns,ns,0.197,1
118.07611307405826,24.456757149245224,1,0.472133743690898,1.0573759543688426,ns,ns,0.265,1
118.10826303649964,24.51782894297667,1,0.2499760724333481,1.7321613313175417,HL,ns,0.01,4
118.09940361368425,24.48847185073828,1,0.2314554329958967,1.8222201244545544,ns,ns,0.274,4
118.19045065080306,24.488355861293748,1,0.305158251148327,1.5089692637182466,ns,ns,0.105,1
118.06867397811494,24.45879945892477,1,0.185507953549877,2.0953769232409876,ns,ns,0.163,1
118.11210795359491,24.47385119952652,1,0.4106144726731046,1.1980711418115164,HL,ns,0.026,4
118.116226881148,24.48552760616586,1,0.3479517901342717,1.3689270835338163,ns,ns,0.447,1
118.10106293404942,24.474697143347804,1,0.1452324837895603,2.4260074055279146,ns,ns,0.255,4
118.1154559654314,24.482540429824507,1,0.4943094277680037,1.011446653155122,ns,ns,0.423,1
118.08962002054643,24.465764550623355,1,0.1729629217929136,2.1866837811218076,ns,ns,0.42,4
118.07384846639518,24.464464389904855,1,0.2872533087223076,1.5751977581977958,ns,ns,0.246,1
118.12227021078095,24.50368152108372,1,0.4570180088367687,1.0899988907586895,HL,ns,0.009,4
118.06796437682068,24.46058557359105,1,0.1107693820004707,2.8333311582538063,HH,ns,0.032,1
118.111773884852,24.44079986598817,1,0.0655425933062183,3.775877923502862,ns,ns,0.274,1
118.10832161346484,24.496826134396365,1,0.2856937382162112,1.5812184305005192,ns,ns,0.198,4
118.10900528055944,24.47085346453026,1,0.5597368237665351,0.8868787347889854,HL,ns,0.009,4
118.08410804107756,24.43881601381482,1,0.2669245329978105,1.6572197373629538,ns,ns,0.257,1
118.0873459103263,24.51512551710335,1,0.3112904937108494,1.4874251131207772,ns,ns,0.233,4
118.06738574127672,24.447831852817327,1,0.1646702350487932,2.252275048821363,ns,ns,0.254,1
118.09167038937962,24.51231145164989,1,0.5059651228771497,0.9881400781141112,HL,ns,0.001,4
118.10344038741088,24.470108286494423,1,0.3055046074379142,1.5077377278446067,ns,ns,0.328,4
118.08071788015188,24.471326688087164,1,0.193780895523633,2.03972239054372,ns,ns,0.164,1
118.11539128849626,24.47672642769554,1,0.5170479445427647,0.9664660469977036,HL,ns,0.036,4
118.07538870127462,24.45186280174748,1,0.1937516288511507,2.039913461917815,ns,ns,0.165,1
118.09840274694815,24.49021487023244,1,0.2380524668928791,1.789065292148041,ns,ns,0.293,4
118.09224360997932,24.47084217017431,1,0.1137966107544108,2.790628591939416,HL,ns,0.036,4
118.08142116995133,24.48004375543122,1,0.291522705214038,1.5589305776170512,ns,ns,0.364,4
118.0951117682034,24.516195982987455,1,0.3704318874010889,1.3036685220258082,HL,ns,0.001,4
118.15164760570778,24.528452122131547,1,0.6513028014051346,0.7316994962921428,HL,ns,0.017,4
118.17749215105408,24.51152419843308,1,0.3303663010750127,1.423707523891876,ns,ns,0.356,1
118.1817585759033,24.511450978929396,1,0.2879418304351403,1.572553234458148,ns,ns,0.232,4
118.1245700227932,24.4924525850633,1,0.4408434958501964,1.1262232056869836,ns,ns,0.451,4
118.16803569688996,24.481235066792543,1,0.2184229384707132,1.8916325553260351,ns,ns,0.268,1
118.07009920272458,24.45588240264337,1,0.2369166955445706,1.794684626321322,HH,ns,0.02,1
118.1859479662295,24.477643426840256,1,0.3617180011922619,1.32837666223286,ns,ns,0.342,1
118.10995432130478,24.472331358125373,1,0.5476832382352738,0.9087755124302648,HL,ns,0.019,4
118.13476029320756,24.485491282275476,1,0.2102912769400505,1.9378619639131185,ns,ns,0.098,4
118.09089676923692,24.489046214935083,1,0.2512221482013687,1.726424269145037,ns,ns,0.324,4
118.11321920733089,24.47712763074507,1,0.5717068891149263,0.8655334002940406,HL,ns,0.026,4
118.11304973599684,24.48048904110846,1,0.3235633413725144,1.4458855317629975,ns,ns,0.381,4
118.13942125440812,24.50005164184388,1,0.0320573684576913,5.4949136820715605,HH,ns,0.001,1
118.1345586520055,24.51657438619048,1,0.1151301308104454,2.7723317869443824,ns,ns,0.215,4
118.12022692404,24.502017043905752,1,0.4662589186365102,1.0699210683953226,HL,ns,0.021,4
118.13698516787724,24.539133659978045,1,0.1147047597786062,2.7781349926498096,ns,ns,0.385,1
118.08255579630814,24.44236940537048,1,0.1602378147534939,2.2892627958103846,ns,ns,0.428,4
118.08889657050985,24.483080573809534,1,0.1343232155800352,2.5386471709516645,ns,ns,0.132,4
118.16988808734484,24.48494715120981,1,0.4251278690417451,1.1628557364988388,ns,ns,0.281,1
118.07385134474302,24.493930181284416,1,0.1359708298885069,2.520817053772216,ns,ns,0.199,1
118.11773457945866,24.479631103147387,1,0.3942569868764587,1.2395227653347285,ns,ns,0.204,4
118.12770809651153,24.501934891329764,1,0.1540218907728379,2.343626161857453,ns,ns,0.272,4
118.1007879637974,24.51282571919577,1,0.4328625850761947,1.144640545076705,HL,ns,0.003,4
118.18565835508348,24.49081099980662,1,0.174932939348857,2.1717449871634846,ns,ns,0.405,1
118.15169841414227,24.53286871218613,1,0.6161388435122087,0.7893103346276124,HL,ns,0.005,4
118.15340532680446,24.479956573455727,1,0.1943130088145346,2.036255345625108,ns,ns,0.304,4
118.13554445208534,24.478285300508414,1,0.0745201759620516,3.524086354136475,ns,ns,0.238,4
118.10009208015136,24.433747186984327,1,0.0738766991376866,3.5406309729667056,ns,ns,0.069,1
118.11521106197073,24.518072267384788,1,0.3467900809449736,1.372439003794136,ns,ns,0.103,4
118.17033571748458,24.477779842103608,1,0.1048671832523214,2.921621408052625,ns,ns,0.21,1
118.1392588376649,24.5288940931785,1,0.2038639528031015,1.976166003627004,ns,ns,0.411,1
118.11805988687814,24.552031638694828,1,0.2428243155386087,1.765843628927004,ns,ns,0.33,4
118.14543043988743,24.534076855489925,1,0.1365391491855142,2.5147379141107367,ns,ns,0.221,1
118.1796265265972,24.50957185892748,1,0.3713901369130171,1.3009943560680082,ns,ns,0.281,1
118.1870586093868,24.477139279568014,1,0.3686105733323772,1.3087742996478673,ns,ns,0.341,1
118.13946507230636,24.503955260965345,1,0.0346070766628543,5.281649752103916,ns,ns,0.083,1
118.1450519159818,24.515083954156232,1,0.1178875523736859,2.7354450803807717,ns,ns,0.147,4
118.10031274557012,24.468730887561584,1,0.2546941006488616,1.7106369024657853,ns,ns,0.204,4
118.15155344293736,24.527538847641154,1,0.5426223467981324,0.9180971373140656,ns,ns,0.384,1
118.12816023110054,24.498024923385632,1,0.1821959826951651,2.118630506132553,ns,ns,0.154,1
118.15583904640852,24.511630669386353,1,0.1960386527991003,2.025101195159466,ns,ns,0.45,4
118.14182079575988,24.497317127813513,1,0.04686080113387,4.509966447002121,ns,ns,0.095,1
118.0989133937315,24.52809905555969,1,0.1110233222331468,2.829684880314121,ns,ns,0.194,4
118.15089263437768,24.48838138007188,1,0.2884634178614287,1.5705553414647904,ns,ns,0.089,4
118.120316384157,24.427779035750586,1,0.2050211884193432,1.9691482032924963,HL,ns,0.048,4
118.15576928034451,24.477764534356822,1,0.2416323882531143,1.7715863086411754,ns,ns,0.32,4
118.16671538783604,24.50932271162487,1,0.100250801739225,2.995827526782288,ns,ns,0.219,4
118.15284651720825,24.52843328063085,1,0.7148513404683591,0.6315791715085876,HL,ns,0.007,4
118.1678428343911,24.472441250360117,1,0.0492392446644094,4.394201139896192,ns,ns,0.287,4
118.10675770270204,24.47105411811153,1,0.5964874358449758,0.8224848001971635,ns,ns,0.456,4
118.15604629614714,24.529371229064456,1,0.7359127293677565,0.5990465570955898,HL,ns,0.009,4
118.09576672790573,24.52202477027755,1,0.1264108018617318,2.628824142636353,ns,ns,0.123,4
118.11723153267754,24.511397283415462,1,0.2012082668279385,1.992479541184386,ns,ns,0.309,4
118.12613865844013,24.509211888671732,1,0.1708028624291816,2.203339015693789,HL,ns,0.046,4
118.18689511976234,24.47865924525183,1,0.3561733628582697,1.3444781606480245,ns,ns,0.319,1
118.18973999632338,24.488799731465463,1,0.3587158853428996,1.337057044083839,ns,ns,0.081,1
118.16051702922655,24.534685124795327,1,0.2131724042827859,1.9212076171383028,ns,ns,0.227,4
118.09343648400048,24.438399105216416,1,0.1109085935627144,2.83133076039384,ns,ns,0.292,1
118.16813041796296,24.488539395058876,1,0.2984076447339824,1.533336421560627,ns,ns,0.278,1
118.08815344378114,24.44055409505764,1,0.1730760307703058,2.185819655312346,ns,ns,0.297,4
118.15430375825665,24.532912434012484,1,0.8050507199630328,0.492095276595436,HL,ns,0.011,4
118.11197313468762,24.440948048541895,1,0.0641189585630073,3.8204726493249503,ns,ns,0.285,1
118.11394882919248,24.496403233899738,1,0.1431597613642217,2.4464674610537935,ns,ns,0.412,1
118.08554882241413,24.471019470812543,1,0.3124594045873642,1.4833798404433238,ns,ns,0.225,4
118.12120649573852,24.474691896645073,1,0.0824163422024118,3.336692361876088,ns,ns,0.14,1
118.1731163724002,24.482088765273716,1,0.2294799355684025,1.8323971874445464,ns,ns,0.446,4
118.14065158556868,24.533593854319204,1,0.1001768987257292,2.997055449157856,ns,ns,0.191,1
118.14987506800466,24.532230387542487,1,0.4639571397768187,1.074882090269663,ns,ns,0.161,4
118.12740804805836,24.536627802673543,1,0.2050351485160686,1.969063877144244,ns,ns,0.126,4
118.17992204178655,24.484163695006536,1,0.1867204827842694,2.08700714771769,ns,ns,0.097,1
118.17608150369432,24.485518839128037,1,0.3016834232354202,1.521424662874135,ns,ns,0.343,1
118.12268859849397,24.494299650020075,1,0.5016920828253859,0.9966215413081144,ns,ns,0.405,1
118.15776652069114,24.529840460630144,1,0.5528377442013894,0.8993603274681268,HL,ns,0.008,4
118.15202166118505,24.540395099930393,1,0.1254896126261384,2.6398460276998432,ns,ns,0.222,4
118.17529098931378,24.493366570250885,1,0.0815354404975073,3.3562784975601616,ns,ns,0.324,1
118.12126802302092,24.552450032122323,1,0.2500870852402728,1.7316486714551311,ns,ns,0.339,4
118.18209204872826,24.530320890289104,1,0.2873487664458555,1.5748306262071272,ns,ns,0.221,4
118.09747701237588,24.435785973738582,1,0.0700280389528539,3.6441726552948337,ns,ns,0.07,1
118.15278823771972,24.530366395915973,1,0.8512132575574881,0.4180834037613208,ns,ns,0.16,4
118.17801963868442,24.508849815488222,1,0.3586964125680003,1.3371136368703227,ns,ns,0.346,1
118.17453598744818,24.50928641468043,1,0.4012394041355468,1.2215881678897245,ns,ns,0.091,1
118.11037348124614,24.435482758284188,1,0.2509373422639254,1.7277321970742288,HL,ns,0.037,4
118.12706491147296,24.52958358329941,1,0.1057308323393549,2.908260489783895,ns,ns,0.204,4
118.19194282806392,24.491180779349257,1,0.1563118359899998,2.323245187191912,ns,ns,0.057,1
118.11031284879591,24.52685940676476,1,0.1474584045187792,2.4044902667270236,ns,ns,0.078,4
118.19044508947768,24.496148022558614,1,0.1115653875706034,2.8219414302610817,HH,ns,0.004,1
118.18186339731923,24.531724636394216,1,0.3167854381027141,1.4685743960119422,ns,ns,0.221,4
118.19141802341753,24.485815083631092,1,0.2397240870245251,1.7808599989250795,ns,ns,0.089,1
118.15544385925244,24.444218884730724,1,0.013551299503533,8.531920116628463,ns,ns,0.447,4
118.1571498127983,24.51828693980329,1,0.1930665523346457,2.044397485405065,ns,ns,0.376,4
118.15962892216668,24.462680098854563,1,0.0510624801186873,4.310899088853151,ns,ns,0.322,4
118.17125720340285,24.503565489679556,1,0.1701869975689307,2.208141650053889,ns,ns,0.345,4
118.1868883511617,24.531887557047064,1,0.2987564210436758,1.5320601793228728,ns,ns,0.494,4
118.18090125945749,24.486505843439687,1,0.1857093730110396,2.093981334135603,ns,ns,0.087,1
118.17349877982558,24.489823690548036,1,0.1945620066381542,2.034637466876982,ns,ns,0.439,1
118.17344653124152,24.50563688430895,1,0.2700336758080792,1.6441538298077818,ns,ns,0.307,1
118.17842622852864,24.48632729639597,1,0.2064432376549252,1.9605985074276968,HH,ns,0.038,1
118.19147408605996,24.48672331853177,1,0.2837246470235589,1.588881364931496,ns,ns,0.095,1
118.18633055414077,24.496271989901757,1,0.104514392728953,2.927124901098824,HH,ns,0.008,1
118.1794506674036,24.487329329891978,1,0.2004136720536224,1.99741821987243,HH,ns,0.032,1
118.17292412854108,24.50703109626999,1,0.277995827685245,1.611575716419912,ns,ns,0.16,1
118.17655948985885,24.48830015768867,1,0.1921902626866094,2.050165173122196,HH,ns,0.037,1
118.15505091682998,24.51429256939728,1,0.2467979575561572,1.7469680562847725,ns,ns,0.275,1
118.18173504914012,24.48977085538254,1,0.1472228141592651,2.4067458361557867,ns,ns,0.072,1
118.17355367157134,24.493291316554245,1,0.0934357584167495,3.114890146051982,ns,ns,0.109,1
118.18408048264034,24.47842426103251,1,0.3676082338502184,1.3115972220997203,ns,ns,0.318,1
118.18877132585634,24.495083030549697,1,0.1252181733700244,2.6431158190402564,HH,ns,0.002,1
118.19114393806058,24.492430641165132,1,0.1359736777453035,2.52078650112379,HH,ns,0.048,1
118.17196611722343,24.487468454810195,1,0.3671776291311139,1.3128128079959276,ns,ns,0.416,4
118.19042486817725,24.498636349987372,1,0.0989525928749128,3.0175899964251336,HH,ns,0.024,1
118.15677889169652,24.53239092007688,1,0.7188663049103522,0.6253632940967934,ns,ns,0.134,4
118.1435211000641,24.547175982911188,1,0.1694435862677891,2.213971371573298,ns,ns,0.208,4
118.1180268935023,24.50943980052138,1,0.1908802712925517,2.058855531550683,ns,ns,0.308,4
118.19214345620853,24.488656725751813,1,0.2509493719815841,1.727676912425632,HH,ns,0.028,1
118.15024350256388,24.524498151095944,1,0.1598479817378049,2.2925845373100415,ns,ns,0.172,4
118.12569482251942,24.495599426082748,1,0.4047849488685446,1.21262013282807,ns,ns,0.397,1
118.08071616160711,24.46741701576612,1,0.2037432357443838,1.976901212613002,ns,ns,0.277,1
118.18633256019628,24.496252990622835,1,0.1046720422855144,2.924662280936755,HH,ns,0.009,1
118.1886279986964,24.495026777288704,1,0.1208796186896477,2.696793133279323,HH,ns,0.002,1
118.1705048401606,24.504765984832023,0,0.1665037336652732,-0.4469512527586466,ns,ns,0.097,2
118.15009758153336,24.52031216137895,0,0.0876569839119036,-0.3099660905282689,ns,ns,0.485,3
118.0847199048194,24.445764339023775,0,0.0777439519329839,-0.2903404533496211,ns,ns,0.416,2
118.10380778248938,24.49426556099665,0,0.1597125782715003,-0.4359690196439045,ns,ns,0.284,3
118.10192146864148,24.471759957254104,0,0.294315817352528,-0.6458053074445337,ns,ns,0.43,2
118.12748147833192,24.531267448530137,0,0.0946298253351414,-0.323296443785194,ns,ns,0.404,2
118.08750297603422,24.49277053637211,0,0.0996455631648277,-0.3326765802236486,ns,ns,0.489,3
118.15110015246648,24.44393422051943,0,0.0079477131475484,-0.0895063424576517,LH,ns,0.017,2
118.1630577335081,24.482244552442992,0,0.0803250879260983,-0.2955346690218054,ns,ns,0.208,3
118.0753976761829,24.49006273438983,0,0.1616115041181647,-0.4390494939507859,ns,ns,0.052,2
118.1049723580956,24.49359940498099,0,0.2454156736949994,-0.570291971776634,ns,ns,0.256,3
118.14161453965605,24.445970355549257,0,0.02218438409356,-0.1506243561669261,ns,ns,0.362,3
118.1665854235258,24.523286666995,0,0.0884150540398784,-0.3114329331490729,ns,ns,0.213,3
118.11226256351044,24.436168518234656,0,0.2151072068377292,-0.5235067789531054,ns,ns,0.27,3
118.19094804785176,24.50826692535794,0,0.0919760863321627,-0.3182649549642314,ns,ns,0.181,3
118.17013252884422,24.51029297410704,0,0.1243350073127612,-0.3768145970877607,ns,ns,0.081,2
118.17499408501033,24.49945463907804,0,0.074588302509576,-0.283901619120121,ns,ns,0.148,3
118.17658173084052,24.489866469478528,0,0.0973131178004104,-0.3283349603429281,ns,ns,0.076,2
118.13787586283216,24.480452642312024,0,0.0573282141926431,-0.2466061779625857,ns,ns,0.26,2
118.10538476412675,24.49196579895893,0,0.2109235703053321,-0.5170148550555836,ns,ns,0.237,3
118.12035773677198,24.527058185252912,0,0.0724059756197121,-0.2793883119854831,ns,ns,0.228,3
118.15513219455222,24.543527259203564,0,0.0746662378292978,-0.2840618626545212,ns,ns,0.351,2
118.0919096234476,24.48039108656831,0,0.0773149588603339,-0.2894709755133716,ns,ns,0.476,3
118.07505887245614,24.46767546665843,0,0.2345692551731025,-0.5535828066613157,ns,ns,0.469,3
118.13726117526708,24.51959411447065,0,0.0778396242331558,-0.2905341160052451,ns,ns,0.356,2
118.15141503961482,24.491128677278585,0,0.1807932407289486,-0.4697797920136155,ns,ns,0.359,3
118.07896159061433,24.489249414633953,0,0.0743933244581102,-0.2835004445906347,ns,ns,0.421,2
118.16117143764114,24.52792042893997,0,0.0947141921036056,-0.3234555993065398,ns,ns,0.359,3
118.11371537701248,24.509546791126805,0,0.1646926371409887,-0.4440316601632713,ns,ns,0.245,2
118.16410316368828,24.474654740405025,0,0.05872161564934,-0.2497698167781853,ns,ns,0.172,2
118.1095495706988,24.43582814653416,0,0.1965354647673534,-0.4945806364782448,ns,ns,0.315,3
118.09658837269286,24.513479469354905,0,0.3952176999585345,-0.808385764398587,ns,ns,0.231,3
118.18379403125044,24.498591271609097,0,0.0954813447893849,-0.3249005895298739,ns,ns,0.084,2
118.10923202068032,24.46932286539213,0,0.4399678393451308,-0.886347414107418,ns,ns,0.228,3
118.1419300548605,24.518013587229305,0,0.0727245911243282,-0.280050448697494,ns,ns,0.363,2
118.10710675246057,24.525770926814253,0,0.2290712543496991,-0.5451025042348199,ns,ns,0.289,2
118.1576627188228,24.540367674272133,0,0.085676826005019,-0.3061130333642923,ns,ns,0.181,3
118.18029961878878,24.4911227196082,0,0.1002060830412072,-0.3337148376837724,ns,ns,0.174,2
118.08681210572844,24.522355287824073,0,0.1101217786654111,-0.3517801418310451,ns,ns,0.489,3
118.1231333875816,24.55705299651367,0,0.1280014506953307,-0.3831330038962235,ns,ns,0.313,2
118.102280757136,24.474422058370916,0,0.203256801856343,-0.5050837098010043,ns,ns,0.486,3
118.08279700696647,24.498818672767285,0,0.0783926722379065,-0.2916518763595114,ns,ns,0.217,3
118.07821145917605,24.49335240765552,0,0.0767874779001069,-0.2883994039304872,ns,ns,0.395,2
118.18256830016712,24.534810700845647,0,0.2177254029525067,-0.5275637391843028,ns,ns,0.495,3
118.1360998133076,24.49096347019611,0,0.0937201745094901,-0.3215773026765132,ns,ns,0.148,3
118.18084284103844,24.51205575440491,0,0.2636329070965987,-0.5983463183892294,ns,ns,0.242,2
118.11493156163657,24.433058671819783,0,0.2614348377570882,-0.5949593863613026,LL,ns,0.016,3
118.12896713421418,24.49680721860189,0,0.1902548303207965,-0.4847230395943205,ns,ns,0.164,2
118.07618077337092,24.49390847528904,0,0.0872268207750918,-0.30913173164941,ns,ns,0.15,2
118.1406672724756,24.510274848256397,0,0.0577994641483326,-0.2476795971509284,ns,ns,0.264,3
118.13687288011398,24.465592675431555,0,0.0321018784882024,-0.1821169631716677,ns,ns,0.23,2
118.18671885445076,24.518593155936156,0,0.0592991107803731,-0.2510720179714252,ns,ns,0.225,3
118.08076130016282,24.45526111727801,0,0.4459376570782261,-0.8971349104204924,ns,ns,0.346,2
118.14200690630268,24.521239035314643,0,0.0956800547364423,-0.3252742264867536,ns,ns,0.19,3
118.11187383544008,24.5273842679127,0,0.0927265779050725,-0.3196929225215414,ns,ns,0.472,3
118.18975633998484,24.519684893084317,0,0.0603389107003754,-0.2534037929333468,ns,ns,0.221,3
118.13302396090224,24.486978744778337,0,0.2265688982627742,-0.541239308233534,ns,ns,0.371,3
118.11478026196758,24.50863091888929,0,0.172889346863679,-0.4571958815047867,ns,ns,0.247,2
118.12782184734988,24.497229519228313,0,0.1876618430840723,-0.4806396138137889,ns,ns,0.188,2
118.15443662851622,24.54438139641256,0,0.0668981097686299,-0.2677579589163236,ns,ns,0.359,2
118.11437571082328,24.53002235157123,0,0.071577476437108,-0.2776613030056607,ns,ns,0.392,2
118.10950859200264,24.5519524765326,0,0.0781959216838311,-0.2912545635507894,ns,ns,0.214,3
118.19021665588464,24.48065909409489,0,0.1710257622310154,-0.454213721979807,LH,ns,0.04,2
118.13515022773268,24.53713295944658,0,0.1055068846987243,-0.343440809232808,ns,ns,0.097,2
118.10627254014138,24.54694621567456,0,0.0702686691395737,-0.2749173385645427,ns,ns,0.231,3
118.15488793158724,24.483422873049296,0,0.1136261754137536,-0.3580393278782715,ns,ns,0.412,3
118.10208770358167,24.466403710818312,0,0.1351951727515051,-0.3953862297878817,ns,ns,0.416,2
118.16123114256293,24.526606834569023,0,0.0734309008705826,-0.2815143398141842,ns,ns,0.201,3
118.1797956296289,24.531898618921904,0,0.2223911894088978,-0.5347837502308189,ns,ns,0.441,2
118.12521441375137,24.545835241197036,0,0.0770542001466634,-0.2889415907555246,ns,ns,0.178,3
118.11108522034304,24.43633873076294,0,0.1865675121692095,-0.4789136916919119,ns,ns,0.294,3
118.11472696396088,24.472368127152,0,0.201307374873924,-0.5020419474934542,ns,ns,0.098,3
118.11503706542082,24.43156944003952,0,0.2158174133926324,-0.5246076803640412,LL,ns,0.028,3
118.17269572844516,24.50259353460499,0,0.1373003263242324,-0.3989385160160734,ns,ns,0.271,2
118.10091847326652,24.543120686412585,0,0.0442815338787835,-0.2152515757279021,ns,ns,0.251,3
118.15450769764908,24.518561113183008,0,0.1595449121032487,-0.4356966534997754,ns,ns,0.41,3
118.12724308201705,24.50887220373871,0,0.1509037634350253,-0.4215718246057657,ns,ns,0.441,3
118.12741704534268,24.50781714899473,0,0.1569832854071891,-0.4315276360664242,ns,ns,0.442,3
118.16522956000574,24.49587680339937,0,0.1919457795878997,-0.487381491094749,ns,ns,0.127,3
118.10463190276884,24.535333807063303,0,0.0817366221749359,-0.2983490855398725,ns,ns,0.231,3
118.15201548413124,24.4791315321515,0,0.175259834079874,-0.4609805749208603,ns,ns,0.297,2
118.14900855717546,24.473824322081025,0,0.086034094800546,-0.3068105571576041,ns,ns,0.135,3
118.18708505675032,24.48629977255833,0,0.2526015960719435,-0.58135573639942,ns,ns,0.098,2
118.09201996246796,24.51514423595554,0,0.5485616731742866,-1.102334796725949,ns,ns,0.188,3
118.1374977253884,24.529440571925093,0,0.1798364694369736,-0.4682617209704866,ns,ns,0.155,2
118.14242481165496,24.49940643991427,0,0.037458684756204,-0.1972725108748262,LH,ns,0.012,2
118.1741134545589,24.507842291561545,0,0.27336245663386,-0.6133530340064911,ns,ns,0.08,2
118.11752943757168,24.481864107828933,0,0.3927810603068837,-0.8042713798447163,ns,ns,0.472,3
118.1365125600829,24.531051059326195,0,0.1686356986227717,-0.4503799745664061,ns,ns,0.159,2
118.118199716907,24.508094798978487,0,0.1897714726116501,-0.4839624857899766,ns,ns,0.308,2
118.15513174202852,24.45382643840967,0,0.0202567651681294,-0.1437900749404599,ns,ns,0.385,3
118.08472849895134,24.468819556504354,0,0.4170597338775236,-0.8458378269317349,ns,ns,0.176,2
118.0827100503132,24.45928888285995,0,0.1965552161730629,-0.4946115675221538,ns,ns,0.365,2
118.07517901302909,24.485175250775526,0,0.1708540870202149,-0.4539386940193315,ns,ns,0.336,2
118.08854142463224,24.47146271652164,0,0.2500361903475959,-0.577405987874893,ns,ns,0.325,2
118.1348640900572,24.517800406261692,0,0.0895338198827757,-0.3135895975149189,ns,ns,0.353,2
118.18207559748144,24.526022174839262,0,0.1009113652334618,-0.3350184978178877,ns,ns,0.35,3
118.11413465387906,24.48854896415896,0,0.2405422466685268,-0.5627867595130941,ns,ns,0.325,2
118.12848948975208,24.52591010443475,0,0.0634167572290719,-0.260212900632225,ns,ns,0.321,2
118.13615205482844,24.495310893009034,0,0.0587053951876397,-0.2497331661459561,LH,ns,0.002,2
118.09835057184884,24.473311862557136,0,0.2614543733160346,-0.5949894839284123,ns,ns,0.122,2
118.0893388685746,24.466237869372936,0,0.1516063488629163,-0.4227270018536166,ns,ns,0.267,3
118.14892462886311,24.516195902304887,0,0.1464397660343532,-0.414202223838215,ns,ns,0.103,3
118.17942019332487,24.490526685191497,0,0.1015516913321827,-0.3361994764023693,ns,ns,0.183,2
118.14787192885836,24.525621462485915,0,0.105514958478211,-0.3434554997002995,ns,ns,0.419,2
118.10061657489489,24.471293980583756,0,0.2852265092230925,-0.6316997787718579,ns,ns,0.482,3
118.09471978671895,24.44253570657279,0,0.0759829384396498,-0.286759653665843,ns,ns,0.135,2
118.0854593086363,24.460213126044763,0,0.1146880031278353,-0.3599240117561998,ns,ns,0.451,3
118.08301449709246,24.514709814017277,0,0.1376457861006164,-0.3995200830244221,ns,ns,0.348,2
118.1454974406213,24.459486205014,0,0.0354868389780402,-0.1918136806332335,ns,ns,0.334,3
118.10683848996808,24.480153611655624,0,0.1565614557455074,-0.4308396887315762,LL,ns,0.008,3
118.10885382330274,24.438803585007168,0,0.1117761217162301,-0.3547425604449136,LH,ns,0.023,2
118.10663182869976,24.53477674963799,0,0.0713284848901371,-0.2771407814408614,ns,ns,0.238,3
118.09607366945755,24.516536965223104,0,0.2900763407386555,-0.6392199622838961,ns,ns,0.101,3
118.17490720552212,24.504336922492612,0,0.1792804855382355,-0.4673789299269409,ns,ns,0.099,2
118.129899278676,24.478221882234912,0,0.0685466836889621,-0.271276814794895,LH,ns,0.034,2
118.11076608207432,24.55177796954214,0,0.0820915847638965,-0.2990540195957078,ns,ns,0.212,3
118.1459434513459,24.53931700266506,0,0.1218010673918631,-0.3724166546925944,ns,ns,0.434,2
118.0878075808543,24.442958350335836,0,0.0989510279746047,-0.331387373851165,ns,ns,0.183,2
118.11231943791672,24.544342824025772,0,0.1242310704297425,-0.3766347149141312,ns,ns,0.19,3
118.12484088164904,24.4732635912642,0,0.0571220577478267,-0.2461354590265642,LH,ns,0.036,2
118.17293967278891,24.49113455491778,0,0.1630816472269223,-0.441429140132985,LH,ns,0.031,2
118.11622702599205,24.49693626457389,0,0.0917073027192029,-0.3177525532102306,ns,ns,0.353,2
118.0800187613091,24.46399642726964,0,0.1506259038390179,-0.4211146275129112,ns,ns,0.3,2
118.0951144963007,24.525409302752305,0,0.0915651919358406,-0.3174814256138816,ns,ns,0.104,2
118.10970789628075,24.536394090941684,0,0.0652220396030355,-0.2641453414523843,ns,ns,0.227,3
118.09211485664224,24.52232693507038,0,0.1464533891089801,-0.4142247952884973,ns,ns,0.413,2
118.16864038526604,24.51080308467089,0,0.0843782365283787,-0.3035688244323728,ns,ns,0.346,2
118.16457260719154,24.496818558267258,0,0.2021157072157562,-0.5033036442529578,ns,ns,0.128,3
118.128407019228,24.554300586569784,0,0.075725155377323,-0.2862328797133238,ns,ns,0.403,3
118.1352494436264,24.506584077924487,0,0.0583045968325783,-0.2488262377536173,ns,ns,0.101,2
118.14622649319774,24.505910706996985,0,0.0556438212734955,-0.2427395600196615,ns,ns,0.257,3
118.12250135037178,24.524343367844455,0,0.0517834647122742,-0.2336908940812245,ns,ns,0.234,3
118.19200723442614,24.493424644694944,0,0.0825337517366261,-0.2999305786839343,LH,ns,0.005,2
118.1485633485436,24.476397756320697,0,0.0903935428859823,-0.3152404486383476,ns,ns,0.129,3
118.10836966048574,24.476279255398044,0,0.3832128114742053,-0.7882288705943316,ns,ns,0.319,3
118.11037279752792,24.469002267126847,0,0.4050699741361108,-0.8251484383113252,ns,ns,0.319,3
118.17136356527328,24.48395887977821,0,0.3859535856787514,-0.7928060218006198,ns,ns,0.3,2
118.09139034122592,24.48399036244859,0,0.1241696453631518,-0.3765283870538563,ns,ns,0.257,2
118.13407674855064,24.479228493301132,0,0.0704387053142057,-0.2752749334851445,ns,ns,0.266,2
118.07954909239876,24.47861733647733,0,0.3767457703947269,-0.7774842060228434,ns,ns,0.346,2
118.134673509445,24.50430087204521,0,0.0528388336094291,-0.2361917202570987,ns,ns,0.118,2
118.08835523838364,24.44679917902802,0,0.0633201270199953,-0.2600011653379531,ns,ns,0.44,2
118.17729281559625,24.484111038466686,0,0.216567740213713,-0.5257704298695023,ns,ns,0.15,2
118.13813429866757,24.482331260687353,0,0.0932220273606841,-0.3206334225967104,ns,ns,0.209,3
118.11885776259766,24.499222063812415,0,0.2200429671776352,-0.5311514936242377,ns,ns,0.421,2
118.08057468998354,24.44555456664988,0,0.0985298148597569,-0.3306040348163883,ns,ns,0.443,2
118.15678433947744,24.47778045851755,0,0.2094695349014478,-0.5147556576158847,ns,ns,0.328,3
118.06032726038492,24.441892232343253,0,0.0903233730157347,-0.3151059150113617,ns,ns,0.077,2
118.16800665928508,24.51332884373321,0,0.0737346011061053,-0.2821421341249046,ns,ns,0.323,2
118.0605938350062,24.451244250326848,0,0.0854360198995228,-0.3056422989926999,ns,ns,0.077,2
118.15814814498884,24.45354754726409,0,0.0189308520824227,-0.1389105630989941,ns,ns,0.396,3
118.07187427023548,24.45425647099995,0,0.2443637597021047,-0.5686722157484924,LH,ns,0.008,2
118.18582068823888,24.476139277699193,0,0.3768281548845882,-0.7776206055087911,ns,ns,0.135,2
118.16053987852447,24.44883051765911,0,0.0101541396189643,-0.1012832852384876,ns,ns,0.41,3
118.1020778738642,24.54706167308569,0,0.0560511273670738,-0.2436789081028857,ns,ns,0.245,3
118.12207939929704,24.546541055865912,0,0.1070035161238517,-0.346157822242214,ns,ns,0.146,3
118.15368913500023,24.477876718883422,0,0.2084213874661498,-0.5131261118968191,ns,ns,0.331,2
118.14244669445208,24.48167252050039,0,0.0727306165435068,-0.2800629598302681,ns,ns,0.24,3
118.19178451373416,24.488962179606407,0,0.2653726972470701,-0.6010278365608861,LH,ns,0.011,2
118.1551438052228,24.45634733212138,0,0.0230479595826592,-0.1535958988183929,ns,ns,0.388,3
118.0831379424414,24.45839615671696,0,0.1928271968729065,-0.4887658833123892,ns,ns,0.35,2
118.15794143256622,24.53759961680745,0,0.1480607899491996,-0.4168844803411,ns,ns,0.339,3
118.1500043149666,24.514197375543137,0,0.1632490799363558,-0.4416998704323611,ns,ns,0.077,3
118.1216655711213,24.474143684044833,0,0.0665827866880559,-0.2670810537829483,LH,ns,0.028,2
118.09462488802691,24.47501851780341,0,0.1185812489988232,-0.3667894770431147,ns,ns,0.382,2
118.1013833862409,24.47024118533592,0,0.2852081225252728,-0.631671293211692,ns,ns,0.45,3
118.10848578059613,24.52924077273992,0,0.1256044085733356,-0.3790080739800134,ns,ns,0.482,3
118.16991151771532,24.490107406995513,0,0.2985321790157009,-0.6523665715953871,LH,ns,0.04,2
118.1637078412843,24.481487924122465,0,0.0929326194289619,-0.3200842571415151,ns,ns,0.204,3
118.09478906482258,24.53608789813578,0,0.0508252864188692,-0.2314018557020094,ns,ns,0.242,3
118.18101758585624,24.51841160804816,0,0.107195466894641,-0.34650540769432,ns,ns,0.166,3
118.09880305073104,24.50356851262551,0,0.0856423165352052,-0.3060456025412693,ns,ns,0.102,3
118.1126536489289,24.432717685139806,0,0.2212927559015894,-0.5330850353434777,ns,ns,0.25,3
118.0852356977626,24.49670155127755,0,0.0726912809850693,-0.2799812766338465,ns,ns,0.213,3
118.18213170980404,24.513308870009563,0,0.1858787347453273,-0.4778265798256852,ns,ns,0.312,3
118.16431191980284,24.540363730125684,0,0.064698974770602,-0.2630104438722621,ns,ns,0.234,3
118.09529831110932,24.48924546513008,0,0.3056857104967366,-0.6635284017123955,ns,ns,0.127,2
118.0845250578646,24.500402071118707,0,0.1032496611008752,-0.3393192845909143,ns,ns,0.21,3
118.16511395013605,24.461954221119544,0,0.0265152882458205,-0.1650378694908914,ns,ns,0.324,3
118.10612454767065,24.537482207205553,0,0.0676937870615575,-0.2694605030851103,ns,ns,0.239,3
118.09223296057164,24.436836012100393,0,0.1138671657296011,-0.3584675444588373,ns,ns,0.079,2
118.10936380398766,24.522684167347656,0,0.2512174567959278,-0.5792246714776778,ns,ns,0.421,3
118.14048892123904,24.53205562673713,0,0.1182244521021237,-0.3661631447141167,LH,ns,0.046,2
118.10607029050234,24.508635389007665,0,0.1273310655816837,-0.381981586996876,ns,ns,0.055,3
118.19275650106974,24.494859578964395,0,0.0572444236485336,-0.2464149418670821,LH,ns,0.003,2
118.17599250837056,24.47681381301022,0,0.0721260573536769,-0.2788056735031819,ns,ns,0.127,2
118.13119336512804,24.508864727635256,0,0.1096866418306107,-0.3509986332625439,ns,ns,0.105,3
118.17616170615624,24.47906386325768,0,0.0736433901417302,-0.2819536909050085,ns,ns,0.497,3
118.09360015648922,24.435401973575377,0,0.1038814033889669,-0.3404757294625823,ns,ns,0.08,2
118.11166325584924,24.460517732600728,0,0.0706997553575735,-0.2758232870577861,ns,ns,0.189,3
118.11629491962957,24.516273333824532,0,0.3820852018988152,-0.7863498547785767,ns,ns,0.427,3
118.12148005984216,24.544615311229897,0,0.0768428729953964,-0.2885120678420856,ns,ns,0.181,3
118.17792537980922,24.469452971060154,0,0.082328378448625,-0.2995236572888879,ns,ns,0.248,3
118.11815282045951,24.52744001739695,0,0.0694764120058711,-0.2732467452905968,ns,ns,0.215,3
118.14882288507506,24.502127130204965,0,0.0562936006556216,-0.2442367790554173,ns,ns,0.261,3
118.09778250877665,24.438107399863537,0,0.0660715912358573,-0.2659809850176433,LH,ns,0.015,2
118.18909308774867,24.49005841738661,0,0.3557334075638336,-0.7430696445927634,LH,ns,0.021,2
118.13130422089245,24.503877849900263,0,0.0838738822735787,-0.3025768801337351,ns,ns,0.435,2
118.18070731793308,24.513261764050483,0,0.2352251927632324,-0.5545939529828469,ns,ns,0.461,3
118.16682018888724,24.53863279637652,0,0.0541820662446537,-0.2393448070454695,ns,ns,0.23,3
118.16512193261129,24.51634345155718,0,0.0783761580055683,-0.2916185422529957,ns,ns,0.21,3
118.15282569732288,24.52665544352011,0,0.4610548645662637,-0.9249196925575904,ns,ns,0.361,2
118.10862220901316,24.525347064066818,0,0.1735532683224873,-0.4582568495410773,ns,ns,0.433,3
118.18611917699056,24.491809084499568,0,0.2179357230074782,-0.5278894558883072,LH,ns,0.018,2
118.10329655589766,24.52032630044623,0,0.1063955946686951,-0.3450556734932247,ns,ns,0.355,3
118.11030061414814,24.507928390715172,0,0.1026775472617791,-0.3382699938430512,ns,ns,0.125,3
118.13256044591397,24.52916904988363,0,0.0982629637934152,-0.3301071840244414,ns,ns,0.399,2
118.1228210943962,24.483840818428757,0,0.1862642428949432,-0.4784351130657532,LL,ns,0.003,3
118.16453109712138,24.45107338530675,0,0.014367661726007,-0.1207356640600837,ns,ns,0.402,3
118.1237805768854,24.55377949876221,0,0.1228680306655621,-0.3742716903113905,ns,ns,0.295,2
118.12181475863744,24.51043058072776,0,0.2037091730433512,-0.505789065789195,ns,ns,0.097,2
118.15797985818662,24.47206750178255,0,0.087879250164979,-0.3103966343345132,ns,ns,0.136,3
118.17657466194558,24.5397367879131,0,0.089378033988903,-0.3132898592754332,ns,ns,0.351,3
118.1805687428712,24.488122617064327,0,0.1494603942936284,-0.4191947076885376,LH,ns,0.023,2
118.08763565931132,24.489553731832935,0,0.1469025441394342,-0.4149686951793324,ns,ns,0.283,2
118.09831161772318,24.53302691536446,0,0.076914943468656,-0.2886586009544152,ns,ns,0.322,2
118.10476199739882,24.48438545058868,0,0.0921203507699056,-0.3185397617475083,ns,ns,0.126,3
118.11756834254876,24.48789762199416,0,0.3052162960644111,-0.6627947306890378,ns,ns,0.182,2
118.16473374627796,24.541916264273382,0,0.0634913103676457,-0.2603761729988997,ns,ns,0.242,3
118.1312918045974,24.434614259808516,0,0.0941642733371083,-0.3224173149491591,ns,ns,0.211,3
118.078587475917,24.490590048945716,0,0.0750756700138854,-0.2849026616385796,ns,ns,0.418,2
118.1527546511824,24.51951540065575,0,0.1466790962666369,-0.4145986851240646,ns,ns,0.094,3
118.10727228370038,24.493264597425785,0,0.3136074576472705,-0.6759380783938814,ns,ns,0.479,3
118.11825904530322,24.438562192382044,0,0.1305289204077277,-0.3874590439240768,ns,ns,0.302,2
118.14486253998004,24.517668286537873,0,0.067753276380796,-0.2695874792279186,ns,ns,0.378,2
118.15560409958712,24.520085271665252,0,0.1437063224221179,-0.4096628377495007,ns,ns,0.457,3
118.16692895303292,24.54345742885706,0,0.0524468512676524,-0.2352653237445508,ns,ns,0.242,3
118.10929757165948,24.53548016868156,0,0.0592769933005408,-0.2510222400147712,ns,ns,0.236,3
118.12689649566126,24.5111483617414,0,0.1227287036373026,-0.3740297211888882,ns,ns,0.454,3
118.15907771626132,24.490491663559816,0,0.1434030858977323,-0.4091579516584023,ns,ns,0.141,3
118.142963798481,24.52189346146323,0,0.0984523561852726,-0.3304598609411909,ns,ns,0.202,3
118.08748249825098,24.51635587988747,0,0.2414343040549683,-0.5641607770502721,ns,ns,0.413,2
118.09654802885868,24.485437283593015,0,0.1837708738643276,-0.4744957165618313,ns,ns,0.367,2
118.12475988042036,24.522753915631824,0,0.0607442870787996,-0.2543084536049199,ns,ns,0.277,2
118.084385936189,24.45345668970221,0,0.1213682622571209,-0.371662824921168,ns,ns,0.466,3
118.12580299109936,24.49285336032309,0,0.3520914353392078,-0.7371754609548783,ns,ns,0.197,2
118.15877037136542,24.465910036781302,0,0.0422873676644652,-0.2101298342395907,ns,ns,0.147,2
118.08283835171213,24.49355762147079,0,0.0739211438374937,-0.2825272582051154,ns,ns,0.219,3
118.10891602139291,24.53747764508026,0,0.0675078609658245,-0.2690633740615173,ns,ns,0.229,3
118.08241486065069,24.44352147475889,0,0.093402140737873,-0.320974898710807,ns,ns,0.205,2
118.15987242583478,24.48714343700303,0,0.0911122813142173,-0.3166163535804926,ns,ns,0.199,3
118.14764010723736,24.543074103950605,0,0.0978368649565596,-0.329312886510645,ns,ns,0.389,2
118.1560234884388,24.54302394969361,0,0.0752208758748551,-0.2852004354671223,ns,ns,0.362,2
118.12727407842428,24.492963998844843,0,0.2570040517325244,-0.5881346441692525,ns,ns,0.373,2
118.13259215941676,24.514457048927387,0,0.0747025340428127,-0.2841364699994518,ns,ns,0.368,2
118.1043827858125,24.519830233009458,0,0.1238003979359594,-0.3758888942354247,ns,ns,0.337,2
118.08784284043152,24.51539029268868,0,0.3093206448837907,-0.6692158463321205,ns,ns,0.455,3
118.16124418755872,24.48275573774793,0,0.0753915814869396,-0.2855502239585132,ns,ns,0.206,3
118.1338907290156,24.507492432392336,0,0.1121315717427523,-0.3553772711922776,ns,ns,0.215,3
118.0899979849764,24.51332337745852,0,0.4297467703828803,-0.8681053525636816,ns,ns,0.176,3
118.11778209181396,24.512236067713857,0,0.214266373741089,-0.5222029730027428,ns,ns,0.393,2
118.14478074386368,24.5246282458976,0,0.1270643002651534,-0.3815229321563815,ns,ns,0.176,3
118.10736144976076,24.51456064758193,0,0.2511763206954983,-0.5791613378250238,ns,ns,0.24,3
118.18076775859814,24.481595337520748,0,0.1228257601987359,-0.3741982876427091,ns,ns,0.142,2
118.10697985029196,24.471774122000312,0,0.6294593387027224,-1.3033645497971165,ns,ns,0.5,3
118.1169547078656,24.48345812459953,0,0.3836938074690628,-0.7890311142642455,ns,ns,0.23,2
118.093407899005,24.47273892028987,0,0.1069264245423682,-0.3460181682240675,ns,ns,0.209,2
118.15296275011735,24.48556105259568,0,0.159046218922596,-0.4348861839734306,ns,ns,0.286,2
118.1155868862829,24.542372537271085,0,0.1098654244847604,-0.3513198459748377,ns,ns,0.192,3
118.13730657483336,24.487790069227124,0,0.1239837651044523,-0.3762065329458565,ns,ns,0.441,3
118.14683210616668,24.495522467328293,0,0.0785514119011642,-0.291972160368868,ns,ns,0.197,3
118.15115632292148,24.52838414635106,0,0.6019199885427204,-1.2296575968590164,ns,ns,0.237,3
118.11119556431028,24.43411563141077,0,0.2052321298051613,-0.508162397230837,ns,ns,0.25,3
118.10078762369857,24.463366688893046,0,0.0724836137099238,-0.2795497595947812,ns,ns,0.327,2
118.10490946166604,24.506424877715855,0,0.0961208220916801,-0.3261020637737353,ns,ns,0.064,3
118.16803448332772,24.45844115158992,0,0.0210392418324734,-0.1465994703030394,ns,ns,0.352,3
118.0846145593328,24.516482280952513,0,0.1426976398402755,-0.4079823595822978,ns,ns,0.324,2
118.08465962128592,24.494323383055686,0,0.0810475064708343,-0.2969773301699157,ns,ns,0.209,3
118.1516359311084,24.478106445523448,0,0.1753942542839715,-0.4611949071479675,ns,ns,0.306,2
118.18463479571034,24.479912323879542,0,0.3201325217719225,-0.6862032400722663,ns,ns,0.117,2
118.15364398182936,24.483894903971382,0,0.1285940946959412,-0.3841494920938983,ns,ns,0.413,3
118.15102985914363,24.497383060345143,0,0.1096741539817429,-0.3509761906078727,ns,ns,0.218,3
118.1490624478463,24.490288643348386,0,0.1787063854164257,-0.4664668786431216,ns,ns,0.398,3
118.16475911022565,24.477153092954214,0,0.0854004660720079,-0.305572756981113,ns,ns,0.215,3
118.12313579920792,24.521665554230605,0,0.0829889834624749,-0.3008312483623901,ns,ns,0.278,2
118.08628575645692,24.46565165366163,0,0.2203701711490897,-0.5316577891645231,ns,ns,0.284,2
118.09171023312209,24.47014507706711,0,0.0991660677362204,-0.3317868565687954,ns,ns,0.455,3
118.10829212557984,24.51482969672245,0,0.2700776252800699,-0.6082834001872375,ns,ns,0.207,3
118.14334111544184,24.523520162398572,0,0.1167622451385715,-0.363590398433662,ns,ns,0.19,3
118.12890594844778,24.42825054943201,0,0.121277637066195,-0.3715048807731136,ns,ns,0.482,3
118.0876994265843,24.495838627551404,0,0.0787487758492101,-0.2923700397061606,ns,ns,0.213,3
118.1742734447238,24.469090121881084,0,0.0514836513419194,-0.2329765768576816,ns,ns,0.272,3
118.16004506517996,24.532727236782367,0,0.3283527859724613,-0.6991973021768073,ns,ns,0.411,3
118.11863211692942,24.44136131723724,0,0.0995698212875546,-0.3325361333834931,LH,ns,0.045,2
118.14056155687722,24.539346061691138,0,0.0917560879399835,-0.3178455948452622,LH,ns,0.027,2
118.17830639961868,24.52040766000268,0,0.0986283613962337,-0.3307874045014887,ns,ns,0.202,3
118.09739465033188,24.47087541193467,0,0.28212176512657,-0.6268922531383091,ns,ns,0.212,3
118.11826812649414,24.483246263173953,0,0.3765712651691204,-0.7771953273334634,ns,ns,0.084,2
118.15001639490993,24.49297584866563,0,0.135724017321542,-0.3962799784240544,ns,ns,0.385,3
118.11571747529716,24.54445276703559,0,0.0911226162968847,-0.3166361104136603,ns,ns,0.182,3
118.15631228274954,24.536567898530503,0,0.2172099068903868,-0.5267652948608799,ns,ns,0.42,2
118.15628955475049,24.45040111678978,0,0.0119415855668838,-0.1099359381698665,ns,ns,0.414,3
118.1529779697545,24.51208945167643,0,0.1996018930494045,-0.4993778802518577,ns,ns,0.28,2
118.1781089207294,24.485036242059717,0,0.1977816933765107,-0.4965314495841417,LH,ns,0.015,2
118.1358003956625,24.561321539638342,0,0.0653210025042479,-0.2643596563552293,ns,ns,0.468,3
118.18328697491448,24.50711905934673,0,0.1456039840505501,-0.412816475752184,ns,ns,0.39,2
118.10412140598471,24.508351851317173,0,0.1618672709386321,-0.4394638157161744,LL,ns,0.018,3
118.11371166883576,24.47854709340651,0,0.4287169556170425,-0.8662827425890451,ns,ns,0.384,2
118.12125758996424,24.488097297412526,0,0.4184098007941833,-0.848188509587458,ns,ns,0.313,3
118.07976519420812,24.465836985225415,0,0.1516857856662385,-0.4228575319246128,ns,ns,0.304,2
118.17134108549592,24.48734054588514,0,0.3121533485494185,-0.6736560048173715,ns,ns,0.102,2
118.1149791705176,24.47575461607681,0,0.5216545586049847,-1.0442889526499592,ns,ns,0.239,3
118.17906657911476,24.464519988577056,0,0.0630883563087813,-0.2594927855989157,ns,ns,0.265,3
118.0960783420972,24.539180998625454,0,0.0560385237408001,-0.2436498832047812,ns,ns,0.254,3
118.12832463812198,24.510242392377627,0,0.1359663742786969,-0.3966892542233844,ns,ns,0.467,3
118.159178466496,24.5468886016638,0,0.0600149698056439,-0.2526791034872499,ns,ns,0.228,3
118.15564143304844,24.506936357974215,0,0.0879327353338523,-0.3105001806703186,ns,ns,0.5,3
118.13623695250892,24.516355814070124,0,0.0721175266576137,-0.2787879036124919,ns,ns,0.355,2
118.11144952219348,24.461838644916263,0,0.0738162380391564,-0.2823107220253652,ns,ns,0.185,3
118.11089627346584,24.529772361815116,0,0.0866060057390469,-0.3079249849464451,ns,ns,0.428,2
118.15932640746604,24.52831159749635,0,0.2260756150297218,-0.5404774702447892,LL,ns,0.011,3
118.10243604027492,24.529000782072583,0,0.1022736925864466,-0.3375281446358564,ns,ns,0.18,2
118.15376938336593,24.473973339136148,0,0.1467406724893189,-0.4147006635468161,ns,ns,0.392,3
118.08844062613804,24.43695245592111,0,0.2502717454095031,-0.5777686486720717,ns,ns,0.068,2
118.15676948145936,24.495053525815234,0,0.1058639745278325,-0.3440901977361907,ns,ns,0.145,3
118.07634219188296,24.46776815406627,0,0.2563834870791708,-0.587178996537863,ns,ns,0.233,3
118.11439893394405,24.48109712374327,0,0.4887271748440885,-0.9777028675600052,ns,ns,0.27,2
118.1248829939688,24.506795124480433,0,0.2593211253344507,-0.5917032705163036,ns,ns,0.45,2
118.1009488322678,24.535639563987814,0,0.075044613776248,-0.2848389463117891,ns,ns,0.226,3
118.17409859073584,24.485141253825653,0,0.3169176442284423,-0.6811404559685921,ns,ns,0.267,2
118.17743623978764,24.51293638825902,0,0.2746796100701638,-0.6153869296516336,ns,ns,0.104,2
118.08403442898188,24.49714570708518,0,0.0763658360079816,-0.2875408558122374,ns,ns,0.215,3
118.1706307654135,24.49674932874228,0,0.0846887241007327,-0.3041784122922968,ns,ns,0.359,2
118.14841869013308,24.49193594046923,0,0.1483457000771885,-0.4173551813228403,ns,ns,0.384,3
118.16378313820124,24.54379186902438,0,0.0648749779109705,-0.2633927232187636,ns,ns,0.244,3
118.15558244233716,24.527849659145087,0,0.6449148625103436,-1.3476742967441255,LL,ns,0.003,3
118.1524162502798,24.44642080682855,0,0.0069770873608197,-0.0838218893731395,LH,ns,0.019,2
118.1117821345669,24.531070776804675,0,0.0677667206208627,-0.2696161690575026,ns,ns,0.398,2
118.10402014765512,24.54426470830155,0,0.0556147454186346,-0.2426723959505853,ns,ns,0.24,3
118.12631838087124,24.52230112802019,0,0.0654306781911459,-0.2645970211216351,ns,ns,0.275,2
118.19454871644048,24.503968294476515,0,0.0348100179794703,-0.1899090761200978,ns,ns,0.283,2
118.11741742953944,24.47833284074099,0,0.4224981328862121,-0.8553339308028517,ns,ns,0.152,3
118.14680270160515,24.499484106283877,0,0.053909209556494,-0.2387069559290925,ns,ns,0.265,3
118.14378966046309,24.505452142526057,0,0.0401362977821202,-0.2044861370012476,ns,ns,0.286,3
118.161846964248,24.53408259766697,0,0.1295270465749561,-0.3857470297569341,ns,ns,0.431,2
118.098440616679,24.536932894854175,0,0.0608903512412208,-0.2546338217246849,ns,ns,0.235,3
118.13405927087616,24.430654061878688,0,0.0972340848802739,-0.3281872379517807,ns,ns,0.197,3
118.1793334564754,24.49320171215636,0,0.0751798624512581,-0.2851163512328536,ns,ns,0.082,2
118.10754225880906,24.4813731228055,0,0.0990208471851468,-0.3315171099514954,ns,ns,0.372,3
118.15656068985784,24.47955850205387,0,0.1969690666673729,-0.4952595697612482,ns,ns,0.305,2
118.15556466859364,24.53133503253684,0,0.8768110784262988,-2.667885505648822,ns,ns,0.248,3
118.187314824422,24.474242351710284,0,0.2682757214048292,-0.6055039116695736,ns,ns,0.147,2
118.14553791583036,24.503218796273067,0,0.0407938081175798,-0.2062249170553332,ns,ns,0.282,3
118.09894738598086,24.493316760328355,0,0.1109037973935686,-0.3531822189134714,ns,ns,0.313,2
118.12781155573406,24.488328146932226,0,0.2193701607560534,-0.5301102513504198,LL,ns,0.003,3
118.09877258131262,24.5276048064878,0,0.0882500781082571,-0.3111140911315116,ns,ns,0.378,2
118.1264944528412,24.530064635733332,0,0.0809520279983396,-0.2967869331417116,ns,ns,0.366,2
118.13938643844146,24.478115984132536,0,0.0445443335259127,-0.215919050864583,ns,ns,0.247,2
118.11052830620962,24.547558621632387,0,0.0800522299920961,-0.2949885313794118,ns,ns,0.2,3
118.0872572154034,24.500030520462577,0,0.0679898960681869,-0.2700920980045113,ns,ns,0.201,3
118.1890009586685,24.499446908297173,0,0.1174278264622115,-0.3647626783165374,LH,ns,0.007,2
118.137978474073,24.43601219731684,0,0.078657461738811,-0.2921859995725657,ns,ns,0.219,3
118.19048592873044,24.522406749546978,0,0.0739420761578151,-0.2825704506417399,ns,ns,0.182,3
118.18890105983644,24.514763681173797,0,0.0768227871128022,-0.2884712202008985,ns,ns,0.193,3
118.12845219955848,24.47821117287263,0,0.0670842094642788,-0.2681568720854661,ns,ns,0.176,2
118.15787174650958,24.497203244756182,0,0.1305975816926939,-0.3875762403769222,ns,ns,0.125,3
118.18210714688716,24.484956596472284,0,0.1630334631478134,-0.4413512182003724,LH,ns,0.031,2
118.08776648878302,24.456451502164608,0,0.0937728525211889,-0.3216770146436724,ns,ns,0.448,2
118.08205069000796,24.466624017445348,0,0.1940875019895308,-0.4907438207255201,ns,ns,0.343,2
118.1743651560171,24.493502479571596,0,0.0812743729252761,-0.2974294022362749,LH,ns,0.025,2
118.12870726365716,24.548892360099625,0,0.0649987244237189,-0.2636612551849937,ns,ns,0.434,3
118.1403658195537,24.490437215128743,0,0.0703238283503898,-0.2750333778659574,ns,ns,0.184,3
118.18455509356322,24.473757421160315,0,0.2659375499731157,-0.6018985917848947,ns,ns,0.14,2
118.14642997582943,24.50987026154629,0,0.0911979143116056,-0.316780029962373,ns,ns,0.201,3
118.07830930392647,24.448408718253447,0,0.1088801227644992,-0.3495475281902654,ns,ns,0.29,2
118.18167054495846,24.49148783442078,0,0.1088271799587523,-0.3494521537698774,ns,ns,0.062,2
118.1436486404789,24.49464112053071,0,0.0827104175680859,-0.3002803241746957,ns,ns,0.181,2
118.18408113754067,24.496544235086887,0,0.1132017604498164,-0.3572845029240683,LH,ns,0.007,2
118.16711329956468,24.46436983490146,0,0.0317966846743413,-0.1812206306003306,ns,ns,0.311,3
118.12983561623766,24.53644802567895,0,0.1344841263599345,-0.3941830943267639,ns,ns,0.172,2
118.07850584104776,24.469142677577985,0,0.1789803092623271,-0.4669021142840067,ns,ns,0.107,2
118.12658974411292,24.52610268720725,0,0.0610803304018287,-0.2550565436756155,ns,ns,0.317,2
118.15789889576548,24.507930244892304,0,0.08781157086543,-0.3102655762981253,ns,ns,0.469,3
118.11131286013102,24.53926283623789,0,0.0918375649927574,-0.3180009468879856,ns,ns,0.209,3
118.16180168758812,24.46589781047952,0,0.0385449097908342,-0.2002253286902656,ns,ns,0.133,2
118.09991494220068,24.511049500632783,0,0.3224232952011634,-0.6898171268454141,ns,ns,0.074,3
118.164604124103,24.492546085707065,0,0.164556765444902,-0.4438123649943038,ns,ns,0.293,3
118.1000336384944,24.54166324939519,0,0.0459056038883234,-0.2193497682749269,ns,ns,0.253,3
118.10193294188174,24.54911258663023,0,0.0577767697944956,-0.2476279857448839,ns,ns,0.234,3
118.1660909291559,24.496530697398494,0,0.1552107122361667,-0.4286340293459938,ns,ns,0.13,3
118.10271561798568,24.46231939612857,0,0.0670444432329074,-0.2680716678644267,ns,ns,0.209,3
118.18979306178518,24.493795151864777,0,0.1768313620868432,-0.4634845248676843,LH,ns,0.003,2
118.16071375427494,24.537534967196503,0,0.1038314154760539,-0.3403843072021474,ns,ns,0.466,3
118.19342342652332,24.500945850301825,0,0.0321030388274543,-0.1821203636636914,ns,ns,0.067,2
118.13705157036502,24.480862757294062,0,0.070414631651264,-0.2752243256074089,ns,ns,0.278,2
118.10578870371585,24.481455048656837,0,0.0955288140686127,-0.3249898707693978,ns,ns,0.072,3
118.15102916412954,24.509404950183175,0,0.1030488252914402,-0.3389511573914476,ns,ns,0.146,3
118.14862910613348,24.51953938508064,0,0.0977050328260751,-0.3290669000689893,ns,ns,0.146,3
118.09339064398736,24.492504742239433,0,0.1454139129817364,-0.4125010625190818,ns,ns,0.127,2
118.07262012203866,24.474338739188656,0,0.1060978550720878,-0.3445151402064183,LL,ns,0.003,3
118.13240824441236,24.51237691476845,0,0.1148292036414841,-0.3601742312255386,ns,ns,0.394,2
118.09603483267963,24.47111932840478,0,0.231066462661418,-0.5481810978780095,ns,ns,0.389,2
118.07820211652891,24.459036534242767,0,0.309984102854652,-0.670255154951245,ns,ns,0.473,3
118.13153101038056,24.44756786146321,0,0.0482234093994136,-0.225092718579549,ns,ns,0.298,3
118.0886441571888,24.493102759706854,0,0.0969999034278992,-0.3277492847237769,ns,ns,0.262,2
118.0732127842542,24.467852431245237,0,0.2975310767742936,-0.6508075895833638,ns,ns,0.221,2
118.181511836083,24.500985107343705,0,0.0604730322948469,-0.2537033768284997,ns,ns,0.201,3
118.0741191183324,24.46875645049358,0,0.2403913123651858,-0.5625542663108489,ns,ns,0.474,3
118.1333250055456,24.519486101946143,0,0.085385663023131,-0.3055437996759754,ns,ns,0.373,2
118.0992063325634,24.475768795805937,0,0.1362291564296694,-0.3971328051748217,ns,ns,0.117,2
118.1511563418347,24.463662618272796,0,0.0453111019956335,-0.2178569284273937,ns,ns,0.142,2
118.15051552853907,24.51725978228432,0,0.1647786857633469,-0.4441705224163116,ns,ns,0.115,3
118.07523968791378,24.47923166759239,0,0.3264611238992174,-0.6962006136780347,ns,ns,0.402,2
118.16219031348167,24.471128833600815,0,0.059659813875908,-0.2518827631554,ns,ns,0.252,3
118.15188423800448,24.543845247434675,0,0.0785813793580424,-0.2920325977183959,ns,ns,0.373,2
118.13962762125918,24.439900834166075,0,0.0433285959709837,-0.2128168015503146,ns,ns,0.267,3
118.10237303580674,24.488758896982898,0,0.213951849537097,-0.5217151490225882,ns,ns,0.359,2
118.16434564041508,24.480792235489105,0,0.0937042223453272,-0.3215471036912596,ns,ns,0.49,3
118.10413074244292,24.53180868111606,0,0.0901162262179084,-0.3147085472416924,ns,ns,0.207,3
118.12597673197985,24.533143601796347,0,0.1774669111887286,-0.464496029881608,ns,ns,0.161,2
118.10608811509572,24.50242729172335,0,0.0811535508915636,-0.29718870048914,ns,ns,0.377,3
118.11477094895815,24.443413629650244,0,0.0799694483161807,-0.2948227041851126,LH,ns,0.043,2
118.1570685657428,24.510199886115657,0,0.1152907891840778,-0.3609915462122446,ns,ns,0.244,2
118.16194873669446,24.505777743648206,0,0.067013671925014,-0.2680057228102616,ns,ns,0.338,2
118.10532406829914,24.54593462864965,0,0.0665069697687369,-0.2669181096709613,ns,ns,0.235,3
118.11647973056824,24.46806931863909,0,0.0721170034454102,-0.2787868137075938,LL,ns,0.005,3
118.12560629117893,24.508684116580984,0,0.1186256662835274,-0.3668674091330496,ns,ns,0.37,3
118.15357329078869,24.50060555638166,0,0.0952280531263364,-0.324423936417164,ns,ns,0.21,3
118.15314520288786,24.448308752365783,0,0.0088743680939615,-0.0946246672725173,LH,ns,0.019,2
118.13051827620234,24.496861203951735,0,0.1220393494981216,-0.3728313438262728,ns,ns,0.17,2
118.14816668956256,24.473034190868557,0,0.0826795453427086,-0.300219226073893,ns,ns,0.173,3
118.17515205899691,24.474627056504204,0,0.0726314715699009,-0.2798570455610613,ns,ns,0.306,2
118.13608937622858,24.489657586986564,0,0.1192773621438053,-0.368009841766003,ns,ns,0.136,3
118.14638096298016,24.54269130594677,0,0.0969429560663623,-0.3276427307919223,ns,ns,0.46,3
118.18539954458112,24.52833363959451,0,0.2387922839780381,-0.5600909479759727,ns,ns,0.228,2
118.1895226685618,24.482102086378575,0,0.1584912194336862,-0.433983559448082,LH,ns,0.042,2
118.1030520693001,24.470673524933233,0,0.2800105202576243,-0.623625835651676,ns,ns,0.356,2
118.16190206205628,24.537418812167004,0,0.0881414812119706,-0.3109040950764788,ns,ns,0.478,3
118.18826895171394,24.506889544928995,0,0.1072746981212296,-0.3466488219327981,ns,ns,0.159,3
118.11984685977946,24.429084237413345,0,0.1143926341811626,-0.3594002876871892,ns,ns,0.31,3
118.09260335749047,24.45963190042215,0,0.0642464739951616,-0.2620257137289551,ns,ns,0.076,2
118.11953441869689,24.54845058675487,0,0.1757633410138584,-0.4617832611600804,ns,ns,0.377,3
118.09161240527406,24.510707661244226,0,0.4650358092840453,-0.9323540077359256,LL,ns,0.003,3
118.11216095604448,24.511750769641427,0,0.1187363961405194,-0.3670616517055049,ns,ns,0.35,3
118.13481211722268,24.483551349777,0,0.1734345547478638,-0.4580671967725928,ns,ns,0.482,3
118.09409202635948,24.521147632986207,0,0.1498852238576236,-0.4198949272981438,ns,ns,0.298,2
118.18462239593389,24.53393617948601,0,0.2710367418393317,-0.6097632755589113,ns,ns,0.244,2
118.14251745098716,24.4936138794108,0,0.0661370000066375,-0.2661219280451234,ns,ns,0.184,2
118.17310118801102,24.464829721094784,0,0.0367000756100751,-0.1951878212674926,ns,ns,0.281,3
118.10568323031026,24.43418263328241,0,0.1694637880239997,-0.4517094419702531,ns,ns,0.158,2
118.1125382680554,24.458124199011372,0,0.0642126284156406,-0.2619519486979527,ns,ns,0.232,3
118.12401175374367,24.54899507924027,0,0.1164524362342065,-0.3630440491797158,ns,ns,0.419,3
118.17827455600089,24.51122956744487,0,0.3256776113054838,-0.6949605662839483,ns,ns,0.121,2
118.12384206345058,24.484737745806353,0,0.1824751868228331,-0.4724451956449695,LL,ns,0.003,3
118.09000820222008,24.51601273697096,0,0.4618626829155511,-0.9264241813434048,LL,ns,0.022,3
118.17153449149822,24.46455131108454,0,0.0319677992887176,-0.1817236569883679,ns,ns,0.291,3
118.15691423423472,24.47584762949324,0,0.1686180984771831,-0.4503517043661447,ns,ns,0.323,3
118.09809320966797,24.538414964438843,0,0.0604600282407038,-0.2536743417592699,ns,ns,0.253,3
118.07576100634266,24.47847788665012,0,0.2929535987428238,-0.6436880708420939,ns,ns,0.392,2
118.13321866553687,24.477148969506917,0,0.0552623422261584,-0.2418572054783557,ns,ns,0.257,2
118.16201447887316,24.464016573616306,0,0.0312252022537675,-0.1795317291944655,ns,ns,0.134,2
118.17645559271256,24.534390431660057,0,0.1079867333850322,-0.3479361432676984,ns,ns,0.423,2
118.07511217715458,24.457440702436383,0,0.4488530445937524,-0.9024400924630795,ns,ns,0.092,2
118.17692081935644,24.493299960326244,0,0.06611229227371,-0.2660686941980264,ns,ns,0.063,2
118.11064560320594,24.47252401615541,0,0.461946592126953,-0.9265805733709784,ns,ns,0.223,3
118.11842775844676,24.46274517255704,0,0.0657271618603059,-0.2652378985192259,ns,ns,0.215,3
118.17291394933213,24.487026777926808,0,0.3369754091560311,-0.7129093104575179,ns,ns,0.26,2
118.0869041163259,24.439711267010058,0,0.2073399134531072,-0.5114438507033291,ns,ns,0.088,2
118.15341856411608,24.530719835285556,0,0.8655499832209865,-2.5372639313567724,ns,ns,0.479,3
118.18284313530692,24.5100652442574,0,0.1752896286523856,-0.4610280847596308,ns,ns,0.462,3
118.11689352376844,24.515489448919684,0,0.3731470991397024,-0.7715378116385584,ns,ns,0.217,2
118.09689450770162,24.468752055171283,0,0.1953228404002418,-0.4926808459797751,ns,ns,0.461,3
118.14159378026002,24.481202142011114,0,0.0574757629328756,-0.2469426526070353,ns,ns,0.229,3
118.06321398598296,24.44325585459588,0,0.0986570426299582,-0.3308407613149206,ns,ns,0.073,2
118.12450735513258,24.50404169611127,0,0.4753753793348623,-0.951905877559519,ns,ns,0.361,3
118.13072940900943,24.521769761252912,0,0.1107584415843655,-0.3529218463764105,ns,ns,0.287,2
118.09493536625754,24.510727431241666,0,0.3581632124198005,-0.747013044379472,LL,ns,0.006,3
118.1444796612822,24.529342322407377,0,0.0906687363435941,-0.3157677118511594,ns,ns,0.178,2
118.15528187172296,24.45125898585721,0,0.013567370900585,-0.1172773473310496,ns,ns,0.401,3
118.10652519876112,24.540199825482713,0,0.0621144998110823,-0.2573484668736802,ns,ns,0.211,3
118.13135155484244,24.513827574407355,0,0.0991861281042459,-0.3318241082211246,ns,ns,0.394,2
118.07484638704052,24.460751598145585,0,0.4543468356004961,-0.9125053402535576,ns,ns,0.135,2
118.11840145902391,24.550357379861246,0,0.225217163558031,-0.5391514115932938,ns,ns,0.307,2
118.12444783931228,24.502127503440143,0,0.4697222445219574,-0.9411716980511294,ns,ns,0.345,2
118.1369349439043,24.527516427960556,0,0.163157115728334,-0.441551176054461,ns,ns,0.448,3
118.10041701624696,24.469868590508614,0,0.2690248833043031,-0.6066593971418703,ns,ns,0.47,3
118.19554077911856,24.47930273938817,0,0.0867528573731498,-0.3082107150091316,LH,ns,0.039,2
118.17804716159466,24.48738567285774,0,0.1489258736339652,-0.4183130220993361,LH,ns,0.014,2
118.1485407188034,24.446152430147265,0,0.0097075646014684,-0.0990087126949751,ns,ns,0.412,3
118.10806802841157,24.54119273617269,0,0.0798057545128109,-0.294494607926666,ns,ns,0.21,3
118.09134179568191,24.513914698522836,0,0.5582948724565806,-1.1242569970937168,ns,ns,0.443,3
118.1070904483284,24.52095847439654,0,0.1819018811680006,-0.4715371325530123,ns,ns,0.321,3
118.11420776781024,24.547857975010817,0,0.1083965798424431,-0.3486758970079854,ns,ns,0.12,3
118.17397483812071,24.475572593295414,0,0.0683967206650825,-0.2709580982491225,ns,ns,0.309,2
118.14846393067845,24.513625847195588,0,0.1276606257243306,-0.3825478334415421,ns,ns,0.482,3
118.097739800215,24.505177379031437,0,0.0995607976426107,-0.3325193986172096,LL,ns,0.016,3
118.10260991732906,24.52121463087204,0,0.1198722213567228,-0.3690510220902069,ns,ns,0.355,3
118.13649150635686,24.49201124711537,0,0.1204290836486578,-0.3700243126536243,ns,ns,0.18,3
118.11394889569804,24.55226045250936,0,0.1139033882099241,-0.3585318842238901,ns,ns,0.413,3
118.16775007066364,24.48530843845632,0,0.2242333762633304,-0.5376313470308375,ns,ns,0.088,2
118.17003505770964,24.542139126609374,0,0.0532823177783881,-0.2372363916604129,ns,ns,0.218,3
118.0991034322093,24.53437840645141,0,0.0699654622593106,-0.2742788472464293,ns,ns,0.217,3
118.08681173387274,24.46877333161482,0,0.3810430582157636,-0.7846153639950864,ns,ns,0.413,2
118.11570101220435,24.442870171115953,0,0.0801738999269145,-0.2952321440973122,LH,ns,0.044,2
118.1789577851472,24.52405915334247,0,0.0874448708568838,-0.3095548516698391,ns,ns,0.16,3
118.1425495883648,24.476049785366826,0,0.053645348172419,-0.2380888588868789,ns,ns,0.228,3
118.08089167902352,24.463721603915772,0,0.1366650599226284,-0.3978680718510043,ns,ns,0.286,2
118.1612599166168,24.532902206268258,0,0.1844038163067848,-0.4754965386482634,ns,ns,0.263,2
118.0954230337116,24.508490848531423,0,0.2377470557280877,-0.5584805058777157,LL,ns,0.006,3
118.10420295129003,24.46985553451808,0,0.3934930288304297,-0.8054723243856763,ns,ns,0.228,3
118.1706147840393,24.477182734510492,0,0.0688460555076585,-0.271912258833385,ns,ns,0.126,2
118.16324653598396,24.466942444578944,0,0.0429775528820608,-0.2119140636251002,ns,ns,0.287,3
118.16106908886113,24.50954342697028,0,0.0884812466890685,-0.311560801578578,ns,ns,0.328,2
118.08739669101917,24.479144437483427,0,0.0925046778254517,-0.3192711304149465,ns,ns,0.257,2
118.0883853783524,24.488338210218217,0,0.1412107617697673,-0.4054997596912298,ns,ns,0.306,2
118.09823994718684,24.460549371281235,0,0.0589353482080108,-0.2502523684945816,ns,ns,0.316,2
118.10272387928178,24.43278658430137,0,0.0893074889542652,-0.3131540672204601,LH,ns,0.025,2
118.09548932461657,24.515758842317037,0,0.3496925461474457,-0.7333036077094721,ns,ns,0.192,3
118.16654995471418,24.506378505745975,0,0.0834466789802482,-0.3017349802021587,ns,ns,0.367,2
118.1495601513228,24.542764975668103,0,0.0869855013121552,-0.3086630180090208,ns,ns,0.384,2
118.08576703878131,24.515252194594847,0,0.2117293992464184,-0.5182662378454337,ns,ns,0.355,2
118.14827934007188,24.506845153190465,0,0.0798587039524208,-0.2946007632365613,ns,ns,0.228,3
118.1706201516219,24.505913076749593,0,0.1840506754161895,-0.4749382133223583,ns,ns,0.111,2
118.08759781500808,24.507341305460425,0,0.1972327516373007,-0.4956723507021985,ns,ns,0.133,3
118.14749892448938,24.49619444687845,0,0.0831524294974804,-0.301154184551399,ns,ns,0.19,3
118.09828980540787,24.4720565009678,0,0.2695350469374332,-0.6074463541429124,ns,ns,0.453,2
118.17914199061684,24.4842611645429,0,0.174329622922644,-0.4594965380181181,LH,ns,0.04,2
118.15464001244165,24.454996938865097,0,0.0218162979465174,-0.1493414338680352,ns,ns,0.377,3
118.1663676725596,24.48046121225916,0,0.1011096791067881,-0.3353845204368624,ns,ns,0.138,2
118.1033094213835,24.491121888339435,0,0.1459756587978979,-0.4134329606116818,ns,ns,0.279,3
118.1755640957533,24.477913576078706,0,0.0666045127019417,-0.267127733425622,ns,ns,0.489,3
118.06736033621944,24.446082922845285,0,0.1173095820297758,-0.3645545622647309,ns,ns,0.072,2
118.15993711234758,24.544980798848307,0,0.0666159594793341,-0.2671523251059398,ns,ns,0.222,3
118.1833112081218,24.517052961845696,0,0.0859165802480475,-0.3065812393076803,ns,ns,0.143,3
118.07358795613516,24.460794580115156,0,0.3491588629170121,-0.7324433455314993,ns,ns,0.293,2
118.11201624093096,24.469973558743945,0,0.3997764197436228,-0.8161163163050226,ns,ns,0.155,3
118.1855611879499,24.53185239923329,0,0.3557114894359847,-0.7430341135196353,ns,ns,0.232,2
118.1043618747642,24.54954144133132,0,0.069735486395595,-0.2737938507973464,ns,ns,0.225,3
118.11163250611774,24.49154855897929,0,0.2371300820896331,-0.5575297942512861,ns,ns,0.144,3
118.14265314014952,24.491193105936663,0,0.0845119847211039,-0.3038315147840963,ns,ns,0.183,3
118.16192069258553,24.53875996967079,0,0.0882794306647424,-0.3111708350291783,ns,ns,0.48,3
118.08431891146614,24.518305487042085,0,0.1060581701078456,-0.3444430570355363,ns,ns,0.299,2
118.16843816360084,24.52376888890755,0,0.0817355558188422,-0.2983469661343662,ns,ns,0.204,3
118.0940304612649,24.470042067983304,0,0.1459987503968113,-0.4134712492610867,ns,ns,0.486,3
118.13732883864284,24.50605814032114,0,0.0377417999344352,-0.1980457348171861,ns,ns,0.094,2
118.1524653721232,24.498829639041944,0,0.08126600428288,-0.2974127344597996,ns,ns,0.199,3
118.12119851092652,24.480652033296643,0,0.1570140061355711,-0.4315777214670138,ns,ns,0.088,3
118.14070935378253,24.5186578903086,0,0.0767689549285778,-0.2883617246509671,ns,ns,0.364,2
118.13434883393988,24.478238531961605,0,0.0597268188535682,-0.2520331500349325,ns,ns,0.249,2
118.13939944008904,24.43610111032057,0,0.0663503396523563,-0.2665812520763517,ns,ns,0.228,3
118.10894773634304,24.44000098198605,0,0.0883634190420072,-0.3113331630705666,LH,ns,0.023,2
118.11746945771716,24.546967748635605,0,0.1443392766910056,-0.4107158504970164,ns,ns,0.142,3
118.08822687226542,24.49185701429215,0,0.1300592027336822,-0.3866568375933236,ns,ns,0.249,2
118.13031697483324,24.49936954358693,0,0.1139272395942922,-0.358574246539754,ns,ns,0.224,2
118.15435611053177,24.517549880876544,0,0.1743173266470437,-0.4594769111614959,ns,ns,0.288,2
118.1691716403544,24.495814318803983,0,0.0953466465572187,-0.3246471635786337,ns,ns,0.386,2
118.1878642847088,24.48863019096346,0,0.3789891689438272,-0.7812028371489541,ns,ns,0.209,2
118.1083898097226,24.532174273649012,0,0.0680289831962439,-0.270175389738077,ns,ns,0.211,3
118.09068969402404,24.469509133996656,0,0.1502471527817486,-0.4204911030032209,ns,ns,0.235,2
118.11399464856136,24.48566683197013,0,0.2347021379161981,-0.5537876582074004,ns,ns,0.18,2
118.16906157152744,24.51301704277818,0,0.0812145764772653,-0.2973102921513234,ns,ns,0.174,2
118.1818094905535,24.529510361793243,0,0.2182799454163015,-0.5284224878446472,ns,ns,0.429,2
118.17588753371562,24.50264252896552,0,0.135061720979599,-0.3951605495412086,ns,ns,0.403,3
118.1782957795071,24.52651767053795,0,0.0757114387960176,-0.2862048312589579,ns,ns,0.341,3
118.15311609256042,24.52516873671383,0,0.2972873152924315,-0.6504280962009527,ns,ns,0.289,2
118.08285754619357,24.44740836845656,0,0.0689061173185958,-0.2720396158813853,ns,ns,0.427,2
118.14948016558,24.51264808210075,0,0.1395368236429879,-0.4026968863392508,ns,ns,0.112,3
118.18451264867312,24.51341222341179,0,0.1238304918436158,-0.375941033846538,ns,ns,0.299,3
118.16432476144088,24.45722461166737,0,0.0200616800353197,-0.1430817618873556,ns,ns,0.362,3
118.08613907190453,24.51840372059314,0,0.1630943466255588,-0.4414496764455706,ns,ns,0.329,2
118.09047206790008,24.504289256342517,0,0.1357363191431384,-0.3963007575466113,LL,ns,0.02,3
118.09763203899352,24.51376149505681,0,0.356537983743305,-0.7443744267162663,ns,ns,0.258,3
118.18343813752894,24.530251433822436,0,0.280081973289646,-0.6237363500564799,ns,ns,0.242,2
118.17857305634396,24.50015135533788,0,0.0719026447261447,-0.2783400269214693,ns,ns,0.167,3
118.10513871620978,24.512677816154135,0,0.2745381468779376,-0.6151684566271086,ns,ns,0.149,3
118.1868965317938,24.507730988552268,0,0.1185106798209318,-0.3666656423952273,ns,ns,0.402,3
118.14421615449557,24.50845389893672,0,0.0600650296536076,-0.2527911956217292,ns,ns,0.244,3
118.17436182879904,24.482548802186464,0,0.1781662620758409,-0.4656083405466695,ns,ns,0.466,3
118.16666956925756,24.475009262007895,0,0.0628689839004902,-0.2590109141497052,LH,ns,0.042,2
118.09205623943906,24.504509291793152,0,0.1185554178963157,-0.3667441512286878,LL,ns,0.016,3
118.1096803801528,24.49468059820012,0,0.301496521587946,-0.6569871365778109,ns,ns,0.418,3
118.18179692571124,24.521310680399704,0,0.0938853982318243,-0.3218899829541414,ns,ns,0.204,3
118.16201281771755,24.472720566626148,0,0.0724371224505215,-0.2794530894565873,ns,ns,0.163,2
118.16506959558302,24.511867494563916,0,0.0608944799511549,-0.2546430141424465,ns,ns,0.326,2
118.15143579181674,24.519113951627528,0,0.1157600187559751,-0.3618213755218828,ns,ns,0.091,3
118.1870579679945,24.533773125827715,0,0.1736028611244915,-0.4583360702048764,ns,ns,0.466,3
118.0803331309485,24.501064474917808,0,0.088177381644266,-0.3109735266373286,ns,ns,0.197,3
118.14730275476288,24.50393928716103,0,0.0532517629205395,-0.2371645328957262,ns,ns,0.244,3
118.15913036184178,24.449718203105583,0,0.0111355646268467,-0.1061176789921063,ns,ns,0.409,3
118.0870320526744,24.52448287469599,0,0.0866328251805609,-0.3079771806129339,ns,ns,0.166,3
118.09213269159152,24.486358603314592,0,0.2241099620831371,-0.5374406270230819,ns,ns,0.27,3
118.08248489909592,24.440630932904146,0,0.1474029055603819,-0.4157967572534963,ns,ns,0.075,2
118.09977342387896,24.53313121997948,0,0.0766972245738853,-0.28821577913918,ns,ns,0.209,3
118.10723994644408,24.46224327545551,0,0.0743127055206268,-0.2833344516150657,ns,ns,0.207,3
118.09262232871714,24.438130710006604,0,0.1035031978732003,-0.3397836769213012,ns,ns,0.156,2
118.09635782761586,24.470191033636773,0,0.2050947961251735,-0.5079484629790308,ns,ns,0.225,3
118.07927765802133,24.468390154123753,0,0.205491943539842,-0.5085670831395145,ns,ns,0.102,2
118.1469142340989,24.491530742424303,0,0.1318910298588457,-0.3897808584980025,ns,ns,0.133,3
118.09903620192306,24.489019457229993,0,0.2156388693815947,-0.5243309467273293,ns,ns,0.37,2
118.10415412635636,24.53655378196963,0,0.0762723181489525,-0.2873501934095354,ns,ns,0.219,3
118.12784968515513,24.522718169130115,0,0.0757814049541291,-0.2863478820519229,ns,ns,0.279,2
118.1459145213739,24.51450650606297,0,0.091082119147771,-0.3165586897004938,ns,ns,0.443,2
118.1053098447454,24.496150508600454,0,0.1917324875695211,-0.4870463487571318,ns,ns,0.407,2
118.17200912532005,24.489692197745683,0,0.2392538310877083,-0.5608020123797214,LH,ns,0.044,2
118.11272067817298,24.541869699614555,0,0.111367276733824,-0.3540117273141638,ns,ns,0.175,3
118.1197998191398,24.46634240941377,0,0.0598146333661036,-0.252230138776757,ns,ns,0.113,3
118.12715714355926,24.528037982586863,0,0.0672353383552263,-0.2684805045267031,ns,ns,0.35,2
118.14489161520837,24.50201747683058,0,0.0329848107269515,-0.184688711028723,ns,ns,0.281,3
118.13271345040631,24.51131425436438,0,0.1364189684671727,-0.3974530493850274,ns,ns,0.162,3
118.1143999055747,24.513718629913228,0,0.1857027555422568,-0.4775487267102639,ns,ns,0.457,3
118.07838913976516,24.50081869281875,0,0.0882743975039572,-0.3111611054779424,ns,ns,0.197,3
118.0852571259561,24.459296374197464,0,0.1267444623668804,-0.3809726708484386,ns,ns,0.262,2
118.14544252089438,24.440023596038543,0,0.0217450725643779,-0.1490920233230705,ns,ns,0.335,3
118.11477022489986,24.533051519307048,0,0.0622507405803972,-0.2576492581421895,ns,ns,0.219,3
118.11365419153088,24.432069084582256,0,0.2497642584095654,-0.5769873212318982,LL,ns,0.013,3
118.14318542361896,24.539784759362533,0,0.0980995710747805,-0.3298027385382399,ns,ns,0.125,2
118.16126952472888,24.451035682961884,0,0.0136781776979131,-0.1177618988347804,ns,ns,0.395,3
118.17995401318645,24.508839645515135,0,0.3073272239248438,-0.6660954345554213,ns,ns,0.104,2
118.12935242979064,24.485959655394307,0,0.2036030611841294,-0.5056236281861515,ns,ns,0.314,3
118.13234560719393,24.480799927543657,0,0.1042764993714445,-0.3411978117922544,ns,ns,0.263,2
118.06111894167104,24.4487543706789,0,0.0929067263017661,-0.3200350948574508,ns,ns,0.081,2
118.10944747199122,24.492251400607337,0,0.277679040020503,-0.6200210596712553,ns,ns,0.442,3
118.15171118386004,24.51611031687089,0,0.2149253295226199,-0.5232247966182543,ns,ns,0.084,3
118.16649012526278,24.50818045401601,0,0.0726641812630868,-0.2799249922226393,ns,ns,0.352,2
118.10937891309555,24.430921342646,0,0.1791282600146747,-0.4671371442133177,ns,ns,0.247,3
118.10991137076498,24.53828588875955,0,0.0727332308796957,-0.2800683880939958,ns,ns,0.219,3
118.08175203740508,24.50427640727809,0,0.1274437589412483,-0.382175261687551,ns,ns,0.182,3
118.12602273146082,24.490963706862978,0,0.2835374956792731,-0.6290838213130389,ns,ns,0.384,2
118.09482907238367,24.48662189397127,0,0.2363995125731616,-0.5564039313536288,ns,ns,0.386,2
118.15957758859116,24.52643670223658,0,0.1166070281417617,-0.3633167274298495,ns,ns,0.279,3
118.17391555913832,24.501815238605637,0,0.1351534187983093,-0.3953156260548954,ns,ns,0.27,2
118.15982862132904,24.478130460714787,0,0.1049250913024944,-0.3423812604774079,ns,ns,0.405,3
118.119113977828,24.54539231826547,0,0.0930240106207348,-0.3202577401779988,ns,ns,0.163,3
118.10531024699878,24.51789432264238,0,0.1739300250786458,-0.4588585846380652,ns,ns,0.29,3
118.14931280368008,24.48134819482122,0,0.1002283083423558,-0.333755965912155,ns,ns,0.384,3
118.11000040133628,24.523854006497775,0,0.1599032915010501,-0.4362787500251995,ns,ns,0.415,3
118.18438012369948,24.500211680328,0,0.0840211153313828,-0.3028666751712138,ns,ns,0.079,2
118.13936635435336,24.434377663051677,0,0.0764327483689239,-0.2876772215649675,ns,ns,0.214,3
118.08326963505964,24.50040620108973,0,0.0986891589725919,-0.3309005024130781,ns,ns,0.2,3
118.164270551642,24.484770338738816,0,0.1077295478808396,-0.3474714790660849,ns,ns,0.17,3
118.0916892181842,24.506941575582996,0,0.1428909730079457,-0.4083046841248299,ns,ns,0.11,3
118.18433570752856,24.487529842204932,0,0.1916965592920197,-0.4869898899457284,LH,ns,0.03,2
118.11107026666215,24.471219740835625,0,0.4941469815651857,-0.9883616836932048,ns,ns,0.413,3
118.12913788778827,24.488209253442975,0,0.2279861649295986,-0.543427616295137,ns,ns,0.224,3
118.11167012391844,24.497946567448167,0,0.1777814565169187,-0.4649964061848842,ns,ns,0.104,2
118.1146002204668,24.455984827252557,0,0.0566843801395016,-0.2451337946182298,ns,ns,0.221,3
118.07287732224236,24.47013106424351,0,0.1890498906024439,-0.4828265538491263,ns,ns,0.221,3
118.12079270342171,24.515729947352995,0,0.2553876609704686,-0.5856455409196735,ns,ns,0.478,3
118.15457350041628,24.47699564284386,0,0.2177443088354288,-0.5275930192481981,ns,ns,0.318,2
118.17368631857296,24.49519445849035,0,0.074711212449722,-0.2841543065442743,ns,ns,0.065,2
118.16199823210655,24.480582918615887,0,0.0897816566165401,-0.3140660667045772,ns,ns,0.197,3
118.12361949189832,24.4735614108129,0,0.0656688495988137,-0.2651119413500826,LH,ns,0.04,2
118.14572033672624,24.46591303934334,0,0.059314556701007,-0.251106776345368,ns,ns,0.22,3
118.16993991131358,24.46883928014115,0,0.0350495408981318,-0.1905849744632522,ns,ns,0.135,2
118.15047395177017,24.513411543249113,0,0.157612070961303,-0.4325523444555778,ns,ns,0.069,3
118.12141966128164,24.4424709478553,0,0.0951415686741093,-0.3242610876768833,LH,ns,0.046,2
118.08302210856176,24.479117572498858,0,0.1874359001598468,-0.480283395971768,ns,ns,0.319,2
118.08178760766752,24.452926640211317,0,0.1929772753878437,-0.4890015133689342,ns,ns,0.312,2
118.14586186419425,24.47552995449859,0,0.0813822880829195,-0.2976442797946105,ns,ns,0.19,3
118.09928548860049,24.520506291181587,0,0.082127443316142,-0.2991251703837382,ns,ns,0.277,2
118.1147973132511,24.497833635377127,0,0.0840558768799518,-0.302935068564808,ns,ns,0.289,2
118.1861549401466,24.534176346610003,0,0.2104914687316346,-0.5163436442584101,ns,ns,0.253,2
118.10898635942252,24.54341754991073,0,0.1128381966104209,-0.3566372076524617,ns,ns,0.201,3
118.11266937072357,24.47774087491039,0,0.4817430911072944,-0.9641291134399552,ns,ns,0.398,2
118.1714336845023,24.470923450774052,0,0.0419509868050453,-0.2092556662071021,ns,ns,0.138,2
118.12929195568007,24.507711632124096,0,0.1571455528683199,-0.4317921636542569,ns,ns,0.47,3
118.10786843986672,24.499874448161865,0,0.1081028965880273,-0.3481459029801871,ns,ns,0.446,2
118.1847375335892,24.498731919534375,0,0.0905203599681304,-0.3154834965655138,ns,ns,0.079,2
118.10693986300382,24.51582384104354,0,0.2929861888100405,-0.6437387100499473,ns,ns,0.223,3
118.14902588227456,24.50540418200381,0,0.0730420593605857,-0.2807090989017586,ns,ns,0.225,3
118.1643240416446,24.45285843759813,0,0.0167617983794485,-0.1305662510253044,ns,ns,0.393,3
118.15387332294614,24.525854311505675,0,0.3701769635490134,-0.7666469701881327,ns,ns,0.388,2
118.1708412192144,24.468201677379938,0,0.0381327836379462,-0.1991093677260106,ns,ns,0.288,3
118.10813145946562,24.485822900905283,0,0.135360998622057,-0.3956665754783309,ns,ns,0.122,3
118.15481591212978,24.480290286460843,0,0.1987950139264777,-0.4981164933183457,ns,ns,0.329,2
118.10251201489316,24.51402513931811,0,0.2960069096105204,-0.6484354147107785,ns,ns,0.101,3
118.14429789272768,24.490787602291377,0,0.117886106331838,-0.3655686799825625,ns,ns,0.173,3
118.10210994620084,24.494366992518565,0,0.1089959158902671,-0.3497560738647952,LL,ns,0.028,3
118.17989107910512,24.515806409737444,0,0.1170893724429681,-0.3641668142740098,ns,ns,0.231,3
118.17000340387096,24.46567422402542,0,0.0290278617172437,-0.1729036409819102,ns,ns,0.297,3
118.1098091189684,24.43882654465663,0,0.1197968198545514,-0.3689191318866585,LH,ns,0.023,2
118.16740865951044,24.470372395715486,0,0.0370683056135485,-0.1962020888355302,ns,ns,0.139,2
118.13658613137454,24.431790478306816,0,0.0949943602843404,-0.3239837802174733,ns,ns,0.207,3
118.15103629022612,24.47493763322978,0,0.1445228420980753,-0.4110210248623579,ns,ns,0.107,3
118.14722847926032,24.535146083644964,0,0.1683669167889954,-0.4499481812150282,LH,ns,0.047,2
118.10734708329086,24.46314702335983,0,0.0769851747405529,-0.2888013450885751,ns,ns,0.13,3
118.11916035945524,24.515258839182028,0,0.3092997837079355,-0.6691831734754676,ns,ns,0.221,2
118.13432485893972,24.52346314047023,0,0.1026188832670973,-0.3381622923204843,ns,ns,0.184,3
118.163849423361,24.455555096669336,0,0.0187407912959428,-0.1381981054614622,ns,ns,0.374,3
118.14729330803692,24.523459237124616,0,0.1003734190292921,-0.3340244206879666,ns,ns,0.465,3
118.11325373658228,24.51077721018737,0,0.1373370653979981,-0.3990003828361067,ns,ns,0.427,3
118.16578723404822,24.498770843157676,0,0.1188565268376515,-0.3672723242361164,ns,ns,0.455,3
118.1122868649074,24.54919343742573,0,0.0894015367678479,-0.3133350913489762,ns,ns,0.175,3
118.16584479836789,24.46678559073232,0,0.0379272147444587,-0.1985507402151375,ns,ns,0.296,3
118.16172143939971,24.475962195822444,0,0.0861106771800596,-0.3069599394945972,ns,ns,0.186,3
118.17428755006672,24.48423818071531,0,0.3036211440063373,-0.6603029203107421,ns,ns,0.492,3
118.1206534955012,24.552516924691567,0,0.2450196566899473,-0.5696821886496104,ns,ns,0.325,2
118.09548715012174,24.436819026356133,0,0.0800175633626205,-0.294919095346508,LH,ns,0.013,2
118.11167984609592,24.476639509853182,0,0.5616203988809411,-1.1318692677905915,ns,ns,0.297,3
118.15923091188368,24.482511805273315,0,0.0884669170647629,-0.3115331230343808,ns,ns,0.163,3
118.15020543811406,24.502361634045368,0,0.0698981549858598,-0.2741369668328292,ns,ns,0.226,3
118.11896671002935,24.46774213865625,0,0.0635931244353299,-0.2605990238699979,ns,ns,0.118,3
118.14249642772296,24.504278808326205,0,0.0293853603975051,-0.1739971328776607,ns,ns,0.082,2
118.11023790072804,24.533801677477697,0,0.0571660234996195,-0.2462359046495733,ns,ns,0.222,3
118.1741128872692,24.503056045278527,0,0.1565256091386046,-0.4307812088500093,ns,ns,0.268,2
118.1469058362056,24.552688469395036,0,0.0817581524989634,-0.2983918753511764,ns,ns,0.433,2
118.16118939079432,24.48808789128099,0,0.0975409910258726,-0.3287606568758446,ns,ns,0.157,3
118.14983970201568,24.547923771959567,0,0.0824234464295898,-0.2997120685964395,ns,ns,0.433,2
118.125377642681,24.426576832402137,0,0.1361564980931765,-0.3970101874845219,ns,ns,0.454,3
118.17867709275926,24.504752416930724,0,0.1040231711595941,-0.3407349287523282,ns,ns,0.315,3
118.1209437244524,24.55581557808312,0,0.1498488874472242,-0.4198350546220429,ns,ns,0.314,2
118.1407419141418,24.5056797427584,0,0.0270921915670053,-0.1668730579265953,ns,ns,0.084,2
118.09074837059728,24.508601205037344,0,0.2952058697200093,-0.647189339570882,ns,ns,0.147,3
118.14549665476282,24.4459680739972,0,0.0142262453545925,-0.1201313953819623,ns,ns,0.399,3
118.175447392547,24.49407302626607,0,0.0699968516556992,-0.2743449964759816,ns,ns,0.064,2
118.0818418140468,24.44591417423451,0,0.0923079389432436,-0.3188968714235093,ns,ns,0.439,2
118.13615673334908,24.48837438344465,0,0.1461818271287519,-0.4137747603550332,ns,ns,0.443,3
118.1160543984808,24.53893590488713,0,0.1128065667900596,-0.3565808629313666,ns,ns,0.197,3
118.07902892207198,24.49155745217344,0,0.0711477977538874,-0.276762613709968,ns,ns,0.396,2
118.14584876396306,24.500128299614037,0,0.0396822696668545,-0.2032781868710395,ns,ns,0.277,3
118.1932760172655,24.498971047332727,0,0.026905887572524,-0.166282382746171,ns,ns,0.066,2
118.11595388542857,24.49852463224062,0,0.1001330078085438,-0.3335795895334955,ns,ns,0.387,2
118.16090617641017,24.510898549758025,0,0.0927583315694858,-0.3197532518762236,ns,ns,0.473,3
118.1204210245773,24.48927659786417,0,0.4120427463540531,-0.8371403209436725,ns,ns,0.406,2
118.14982388897144,24.523236811428948,0,0.1064181719094017,-0.3450966416367739,ns,ns,0.494,3
118.10554189914942,24.475565763018547,0,0.311272348852301,-0.6722743039213969,ns,ns,0.465,3
118.10847780089298,24.52355139788164,0,0.1772862985541304,-0.464208642040724,ns,ns,0.303,2
118.121858992507,24.501881827122407,0,0.4447260313270636,-0.8949373185649967,ns,ns,0.214,3
118.12120528811512,24.497651744709938,0,0.2463463778779127,-0.5717250157954666,ns,ns,0.458,3
118.08885041619332,24.47020802550627,0,0.30592369585657,-0.6639004297521742,ns,ns,0.332,2
118.1426688240637,24.500734794331695,0,0.0356097258340263,-0.1921577496303909,LH,ns,0.01,2
118.0891298025334,24.5251713233913,0,0.0977709708919094,-0.329189948331691,ns,ns,0.179,3
118.09709057573212,24.518448074124727,0,0.1592116040891751,-0.4351550264542675,ns,ns,0.405,2
118.14483916622656,24.53284000289761,0,0.0907754741918901,-0.3159720676446043,LH,ns,0.041,2
118.13248786061004,24.43862845711424,0,0.0771700319296821,-0.289176831770977,ns,ns,0.207,3
118.142210390521,24.47758599338597,0,0.0492461862136952,-0.2275895218386414,ns,ns,0.226,3
118.19072374374248,24.5017052599786,0,0.0609448948411579,-0.2547552407667229,ns,ns,0.066,2
118.09486000968364,24.463242432747624,0,0.0783325524152315,-0.2915305114537211,ns,ns,0.098,2
118.14292797256822,24.503250377459807,0,0.0333670098971634,-0.1857923545391693,ns,ns,0.079,2
118.12287074783995,24.50714766710464,0,0.3273806220237892,-0.6976567447614624,ns,ns,0.438,2
118.08973595760972,24.45995584222896,0,0.0603954691052244,-0.2535301586974307,ns,ns,0.147,2
118.12786327213078,24.499925431667258,0,0.1367192028307503,-0.3979593551397284,ns,ns,0.285,2
118.1597512218348,24.516190827764504,0,0.1413029565837074,-0.4056538860103664,ns,ns,0.256,2
118.13434033715276,24.515597847157743,0,0.0689036231859338,-0.272034328099753,ns,ns,0.382,2
118.093645255887,24.527411876660047,0,0.0794749913242139,-0.2938308887054106,ns,ns,0.097,2
118.1748725411325,24.464120888236913,0,0.0422904782400855,-0.2101379037222039,ns,ns,0.268,3
118.17828501069812,24.52852273422032,0,0.1244029733320391,-0.3769322016278125,ns,ns,0.349,2
118.16110490641516,24.523329666732305,0,0.0911820381953764,-0.3167496888806375,ns,ns,0.184,3
118.09512239873833,24.464738193262008,0,0.0884365898450395,-0.3114745389171584,ns,ns,0.121,2
118.10353087182912,24.54171389504874,0,0.0512117130479143,-0.2323271657875065,ns,ns,0.228,3
118.10807615989128,24.490830339139876,0,0.2879211436220282,-0.6358764398882144,ns,ns,0.198,3
118.15705338757424,24.49224993020078,0,0.1102426578617316,-0.3519970691284225,ns,ns,0.379,3
118.07507252746824,24.46404501728589,0,0.2432296173452671,-0.5669257258895852,ns,ns,0.096,2
118.16630219604448,24.52512959811968,0,0.0784532644185424,-0.2917741597557468,ns,ns,0.197,3
118.16204269715062,24.45555549579733,0,0.0191825415151767,-0.1398488757981919,ns,ns,0.378,3
118.0858691985654,24.522061438047572,0,0.1058677048014333,-0.3440969777212497,ns,ns,0.5,3
118.13606414391408,24.50556940806548,0,0.0447051197701003,-0.2163265908981811,ns,ns,0.105,2
118.12823433800578,24.537452867884983,0,0.1200324005175536,-0.3693311216448949,ns,ns,0.447,3
118.18571822249268,24.520499180814657,0,0.0620712241607343,-0.257252867947774,ns,ns,0.212,3
118.16226712380764,24.5094146723325,0,0.0763344512349065,-0.2874768789377308,ns,ns,0.331,2
118.17728933536054,24.475562163805265,0,0.0862180198119545,-0.3071692429083005,ns,ns,0.317,2
118.11392635266444,24.470457101234853,0,0.1820278964288055,-0.4717367697378473,ns,ns,0.218,3
118.1100212845335,24.49366701164181,0,0.3080406560351933,-0.6672118188374409,ns,ns,0.121,3
118.13519208092916,24.49185030418619,0,0.1069067238844609,-0.3459824746388427,ns,ns,0.171,3
118.12110036419384,24.479692656600225,0,0.1352545116855211,-0.3954865588372239,ns,ns,0.386,2
118.1842666575479,24.511882862143388,0,0.1418031031866224,-0.406489561512964,ns,ns,0.433,2
118.1216966389454,24.484784493620317,0,0.3528942238767424,-0.7384730263315775,ns,ns,0.113,3
118.09638654055308,24.52656986433663,0,0.0829712600493847,-0.3007962165822946,ns,ns,0.117,2
118.1095773406873,24.482817287501515,0,0.0920591202914242,-0.3184231431912214,ns,ns,0.363,3
118.16650974593188,24.468807095951576,0,0.0399705262355235,-0.2040457952697589,ns,ns,0.131,2
118.09297291442743,24.536054785471073,0,0.0486321931574659,-0.2260933048141373,ns,ns,0.229,3
118.12145105886734,24.473252572650292,0,0.0628087450746955,-0.2588784766588658,LH,ns,0.049,2
118.1028447849922,24.465229619962077,0,0.1029969466995057,-0.3388560269990799,ns,ns,0.341,2
118.09487624758832,24.541848482035928,0,0.0426554159334269,-0.2110828494640196,ns,ns,0.251,3
118.10475365904156,24.49122332160224,0,0.207663934275886,-0.511947971441131,ns,ns,0.231,3
118.18055366035978,24.524773176705583,0,0.0751513156648997,-0.2850578154100275,ns,ns,0.138,3
118.11520914256393,24.47845996330402,0,0.5156285197120551,-1.0317611792234116,ns,ns,0.367,2
118.17724711752722,24.468382472444233,0,0.0691450569951634,-0.2725458445620296,ns,ns,0.254,3
118.15423798517824,24.446987920549063,0,0.0071758505937214,-0.0850159726228439,LH,ns,0.019,2
118.1538894268828,24.534548526687527,0,0.5329812436088914,-1.0682891103070138,ns,ns,0.209,3
118.10528296769746,24.51002128504744,0,0.2442224094220252,-0.5684545545578858,LL,ns,0.046,3
118.11595139369368,24.438498674546935,0,0.1188140749914013,-0.3671978839184294,LH,ns,0.048,2
118.08703744959642,24.45344816175422,0,0.0846091373188855,-0.3040222347153371,ns,ns,0.05,3
118.10313034422308,24.51103716197541,0,0.2610905612514809,-0.5944289861783997,ns,ns,0.172,3
118.15007114805378,24.518608168066564,0,0.1116163058281446,-0.3544569799880264,ns,ns,0.095,3
118.088191208817,24.48634915979842,0,0.1625009432490356,-0.4404897224054205,ns,ns,0.245,2
118.10984010702826,24.51687333925765,0,0.3450065574591802,-0.7257636267868868,ns,ns,0.477,3
118.15145377561024,24.45391995882385,0,0.0210665522469818,-0.1466966338916439,ns,ns,0.385,3
118.11668170565758,24.43115456341807,0,0.1830303746926596,-0.473324112715256,ns,ns,0.303,3
118.07931528694245,24.462043483343404,0,0.1617550617615267,-0.4392820628214181,ns,ns,0.17,3
118.19428098547765,24.498419695172764,0,0.0264612570853337,-0.1648650567521877,ns,ns,0.068,2
118.10748697496264,24.47257274587032,0,0.6011583889860957,-1.2277055667787629,ns,ns,0.486,3
118.1748441805283,24.46784715035849,0,0.0522663689888298,-0.2348378085550614,ns,ns,0.259,3
118.14952287906104,24.54486777660485,0,0.0829052182439576,-0.3006656555225658,ns,ns,0.378,2
118.10967161154171,24.481326940005367,0,0.1443928811793024,-0.4108049769431551,ns,ns,0.452,3
118.11203128053891,24.50989324014836,0,0.1180469803560394,-0.3658513950373478,ns,ns,0.098,3
118.14145638358532,24.448699812060543,0,0.0188295136287634,-0.1385311096679336,ns,ns,0.352,3
118.10188506411504,24.526071765329377,0,0.1596034863533676,-0.4357918117267203,ns,ns,0.199,2
118.1382370641063,24.520199392816465,0,0.1074638025183782,-0.3469909777602477,ns,ns,0.206,3
118.10963919023828,24.511842714838952,0,0.1252772720633285,-0.3784434025310194,LL,ns,0.03,3
118.07498334939018,24.466286957946743,0,0.2686155869495011,-0.6060280900231675,ns,ns,0.234,2
118.18356375859312,24.504574722456574,0,0.0757548752476637,-0.2862936460416567,ns,ns,0.136,3
118.117746402929,24.486973613864507,0,0.3791553033887523,-0.7814785817933297,ns,ns,0.193,2
118.08471876432844,24.480851265695232,0,0.1334029210987206,-0.3923503634748826,ns,ns,0.262,2
118.14364692182929,24.541605454223458,0,0.0991624127408791,-0.3317800690528768,ns,ns,0.455,3
118.16035936619063,24.48156876871753,0,0.0844084614030903,-0.3036282012608028,ns,ns,0.198,3
118.1035790230638,24.495361677646983,0,0.126577858864272,-0.3806858846431523,ns,ns,0.245,3
118.0863100876368,24.514431671620574,0,0.2227676308678648,-0.535365774284246,ns,ns,0.399,2
118.15356917559274,24.50530742880343,0,0.0828698679322864,-0.3005957543064211,ns,ns,0.207,3
118.13273861757966,24.49481971966151,0,0.1018322215525221,-0.3367160931841166,ns,ns,0.258,2
118.10851675290289,24.49349208360787,0,0.3305514787021074,-0.7026854464915193,ns,ns,0.436,3
118.14256639704804,24.524942876436032,0,0.1313718712819739,-0.3888966916098004,ns,ns,0.486,3
118.13199518722242,24.431839731553044,0,0.1009208835597717,-0.3350360709833642,ns,ns,0.189,3
118.15213570962332,24.453324046715988,0,0.0192085265960964,-0.1399454187003909,ns,ns,0.387,3
118.12639133541832,24.501775734230097,0,0.236813674359397,-0.5570422007725874,ns,ns,0.267,2
118.11356182048002,24.433841951706036,0,0.2231750722055165,-0.5359956502704011,ns,ns,0.234,3
118.10083953114508,24.509328631283857,0,0.2175063379976578,-0.5272244518939899,ns,ns,0.198,3
118.17452498736722,24.459761746376643,0,0.0367993356370843,-0.1954616687971898,ns,ns,0.285,3
118.10595913314609,24.551083546621484,0,0.0749854821484571,-0.2847176036131762,ns,ns,0.222,3
118.10989402989306,24.540769067089627,0,0.0933563259986759,-0.3208880603574221,ns,ns,0.198,3
118.14356482286188,24.492842681138363,0,0.0761202856060937,-0.2870400445995165,ns,ns,0.187,3
118.14707365820998,24.52859215291309,0,0.1224301610517221,-0.3735109738984233,ns,ns,0.431,2
118.11973927913104,24.544717533409724,0,0.0787414999667863,-0.2923553783510308,ns,ns,0.163,3
118.16183611682878,24.462468189413343,0,0.0268418037292823,-0.166078772326021,ns,ns,0.136,2
118.1303018384272,24.451786646834652,0,0.0375705381226048,-0.1975783040101165,ns,ns,0.255,3
118.10722690117308,24.486280425431932,0,0.1397539375002629,-0.4030609086856498,ns,ns,0.079,3
118.08897234534956,24.438226497330277,0,0.2058465972326667,-0.5091193993294685,ns,ns,0.068,2
118.0881050156249,24.52897776210586,0,0.0489440718529316,-0.2268543023158255,ns,ns,0.18,3
118.12271574496596,24.500042695100287,0,0.4526528613562261,-0.9093921667096636,ns,ns,0.213,3
118.1258841179166,24.535740203880657,0,0.1865340144466463,-0.4788608360822127,ns,ns,0.161,2
118.10816280303295,24.519280028251373,0,0.162503512496802,-0.4404938802747989,ns,ns,0.235,3
118.15659377925466,24.52167669263093,0,0.1231065671275258,-0.3746857718451803,ns,ns,0.391,3
118.10723473683436,24.527149275755875,0,0.1927463567855552,-0.4886389499577864,ns,ns,0.27,2
118.12568889258282,24.52518532520214,0,0.0659126249492671,-0.2656382146395251,ns,ns,0.225,3
118.10313530332704,24.487097655448917,0,0.2001228094208609,-0.5001918823631084,ns,ns,0.332,3
118.11873613468782,24.427859742907188,0,0.1080967288280399,-0.3481347674572674,ns,ns,0.302,3
118.16001816511582,24.479286639156385,0,0.1024752126441829,-0.3378984412355403,ns,ns,0.151,3
118.16568733519236,24.478064256544194,0,0.0897416957174062,-0.3139892727369922,ns,ns,0.479,3
118.1682077471166,24.50240901730609,0,0.0987729656034574,-0.3310563642837777,ns,ns,0.455,3
118.12760903838758,24.48721128138102,0,0.1897649837163357,-0.4839522736886151,LL,ns,0.011,3
118.19092562547957,24.487985872283176,0,0.3110046052609366,-0.6718545310693764,LH,ns,0.043,2
118.10172378818808,24.486401176582486,0,0.1529743436268004,-0.4249726847810203,ns,ns,0.331,2
118.08641191073409,24.438044360088885,0,0.2331867694609146,-0.5514512863550783,ns,ns,0.299,2
118.10281253932963,24.53053885098498,0,0.0947364246272009,-0.3234975322341383,ns,ns,0.375,2
118.12814967633688,24.52053932310139,0,0.0622869548265528,-0.257729167295168,ns,ns,0.301,2
118.12929809965708,24.50579444805515,0,0.1447885025083476,-0.411462511615101,ns,ns,0.464,3
118.12385933757491,24.495798103097492,0,0.3434246930168554,-0.723225094090018,ns,ns,0.196,2
118.10873096811412,24.507097791362177,0,0.1013262454934208,-0.3357839596847787,ns,ns,0.089,3
118.13572818884492,24.484045106522014,0,0.1570107568459812,-0.4315724241046801,ns,ns,0.453,3
118.09672103041508,24.46466921195545,0,0.0947978188783128,-0.3236133108601266,ns,ns,0.363,2
118.06992920737656,24.46278837442187,0,0.2663498983119743,-0.6025343026736557,LH,ns,0.019,2
118.12652623525744,24.518157621383494,0,0.0965339236603518,-0.3268767672592728,ns,ns,0.327,2
118.15042976523192,24.4519957261218,0,0.0160657977397009,-0.1277815403176864,ns,ns,0.395,3
118.15169216806602,24.47241523786711,0,0.0879001850073439,-0.3104371664842259,ns,ns,0.091,3
118.12369829449294,24.53078490629295,0,0.1526118552935069,-0.4243780805408881,ns,ns,0.378,2
118.13186343780664,24.53252327128484,0,0.1060891648125351,-0.3444993560924616,ns,ns,0.403,2
118.12583613437532,24.557097568164583,0,0.0955208557720567,-0.3249749036919762,ns,ns,0.413,3
118.16832504962514,24.472567248979978,0,0.0354532887651106,-0.1917196518656083,ns,ns,0.139,2
118.11787798319776,24.542902024241386,0,0.08879498324501,-0.3121664055659908,ns,ns,0.179,3
118.1064202701632,24.494455612198607,0,0.2957587881283936,-0.6480493971159028,ns,ns,0.482,3
118.08634665967227,24.463676376603942,0,0.1501002199225118,-0.4202491133694048,ns,ns,0.171,2
118.162597612803,24.521436359772373,0,0.0873071590223365,-0.3092876695676491,ns,ns,0.194,3
118.14932226742276,24.524789082343204,0,0.1145480218887761,-0.3596758599764852,ns,ns,0.453,3
118.14131684913336,24.43755732523668,0,0.0471406358946935,-0.222424854491374,ns,ns,0.235,3
118.08966550705316,24.478122908519207,0,0.0820387718630688,-0.2989492071619967,ns,ns,0.444,3
118.11354319668612,24.475248954187546,0,0.5787104130742433,-1.1720342040689125,ns,ns,0.299,3
118.09796876190468,24.4915899978042,0,0.1806031684066986,-0.4694783206130036,ns,ns,0.327,2
118.16352571296942,24.464154444985063,0,0.0317938305658442,-0.1812122300352532,ns,ns,0.132,2
118.10772726591902,24.518224206642472,0,0.1718322390466554,-0.4555050167498702,ns,ns,0.233,3
118.1758455000368,24.462912678386484,0,0.0443681250677812,-0.2154716933254675,ns,ns,0.259,3
118.1451376123898,24.50946389659463,0,0.0647842771461219,-0.2631957722574094,ns,ns,0.214,3
118.09267730225922,24.48961158666486,0,0.2222275523975135,-0.5345307258528392,ns,ns,0.358,2
118.19166509443588,24.520247939777676,0,0.0660336925438333,-0.2658992956495267,ns,ns,0.211,3
118.1864607484246,24.501738837501925,0,0.0839173179237166,-0.3026623925716038,ns,ns,0.325,2
118.15715977997122,24.484832072837,0,0.1202687857142538,-0.3697442783882072,ns,ns,0.173,3
118.16421319411953,24.53266494302728,0,0.0788580135361377,-0.2925900999378621,ns,ns,0.373,3
118.1387266554432,24.48609628258412,0,0.0985291839836748,-0.3306028607202775,ns,ns,0.446,3
118.0969168144474,24.474416421422124,0,0.2006917898077652,-0.5010806892076111,ns,ns,0.405,2
118.09746308717982,24.459365627849085,0,0.0375493872297379,-0.1975205109599668,ns,ns,0.312,2
118.16499992561504,24.522763681226596,0,0.0784597605820901,-0.2917872678242842,ns,ns,0.195,3
118.12799192457726,24.427534322848636,0,0.1258519268612854,-0.3794350380375065,ns,ns,0.475,3
118.1229323350708,24.486346913736273,0,0.2894288699111054,-0.6382152027633378,LL,ns,0.003,3
118.11251113452624,24.487603294365176,0,0.189232112369916,-0.4831134729202382,ns,ns,0.292,2
118.1117664494071,24.516680330801655,0,0.4122065689785866,-0.8374233960775378,ns,ns,0.242,2
118.15962725461596,24.521342244627636,0,0.1122694729795406,-0.355623346714459,ns,ns,0.483,3
118.09817905446428,24.464557156120343,0,0.1215361982223397,-0.3719554172410299,ns,ns,0.332,2
118.14221646440345,24.447055704784137,0,0.0193341937916306,-0.1404114477743875,ns,ns,0.381,3
118.18430629131394,24.527695263831585,0,0.1883628141644719,-0.4817443356537587,ns,ns,0.445,3
118.08546290625924,24.446450284657224,0,0.063519388248776,-0.2604376441338562,ns,ns,0.42,2
